sentence,label
- Operating profit rose by 26.9 % to EUR 105.8 ( 83.4 ) million .,2
Componenta increased its stake in Turkish steel company Doktas Dokumculuk Ticaret ve Sanayi A.S. to 92.6 pct stake in March 2007 .,2
"Significance : Teleste has emphasised that with its large size and growing economy , as well as the rapid development of its TV services distribution industry , Poland is viewed as an attractive market .",2
IonPhasE 's second major owner is venture capital firm Aura Capital .,1
"At 10.33 am , Huhtamaki was the market 's biggest faller , 8.69 pct lower at 11.35 eur , while the OMX Helsinki 25 was 0.32 pct higher at 3,332.41 , and the OMX Helsinki was up 0.47 pct at 11,687.32 .",0
"Divisional sales demand in the half remained `` inconsistent '' , it added .",0
Finnish forest machinery manufacturer Ponsse has issued a profit warning .,0
Finnish retail software developer Aldata Solution Oyj reported a net loss of 11.7 mln euro $ 17.2 mln for 2007 versus a net profit of 2.5 mln euro $ 3.7 mln for 2006 .,0
"For 2009 , net profit was EUR3m and the company paid a dividend of EUR1 .30 apiece .",1
"Alma Media Corporation PRESS RELEASE March 25 , 2010 TYRV+ä+äN SANOMAT PURCHASE CONFIRMED The business operations of Tyrv+ñ+ñn Sanomat Oy will be transferred to Suomen Paikallissanomat Oy .",1
The divestment of Raisio 's margarine business in May 2009 gave the company a clearer focus on grain-based products .,2
"In today s business , you have to pre-empt what consumers want , said Mohammed Zainalabedin , General Manager , Zain Bahrain .",1
"Salo , Finland , 29 August 2006 - Benefon has today announced its plans to further strengthen its in-house technology platform , by licensing the complete mobile software platform , Opna , from its long-standing technology partner , Pollex .",2
"The workforce will be reduced also in the Amsterdam office , in the Netherlands .",0
Recently the company decided to build a second identical plant at the same site due to be commissioned toward the end of 2008 .,1
"Due to the rapid decrease in net sales , personnel reductions have been carried out on a wider scale than initially expected .",0
"Sales for both the Department Store Division and Hobby Hall increased by 7 % , while sales for the clothing store subsidiary Seppala decreased by 4 % .",2
"According to Kesko , the company agreed with the city administration about lease of the building in 2006 , its resettlement and construction of a five-star hotel Hilton for 120 rooms .",2
"`` Small firms are suffering at the moment because they are likely to have money trouble , '' he added .",0
Airbus will attempt to evacuate up to 873 people within 90 seconds .,1
"In the beginning of the negotiations , the estimated number of reductions was 50 at the maximum .",1
Finnish Raute Precision that supplies weighing and dosing systems and plants is changing its name to Lahti Precision .,1
"Comptel , a vendor of dynamic Operations Support System ( OSS ) software , has been selected by Orascom Telecom ( OTH ) as partner for provisioning and activation solutions for mobile services .",2
"Tecnomen 's system features a new range of value-added services for prepaid and post-paid billing , charging and rating of voice calls , data traffic , or any kind of content services in both mobile and fixed networks .",1
The transaction is planned to be financed with a EUR40m market-based loan granted by Standard Chartered Bank Hong Kong .,1
"So Mr. Galvan made savings adjustments of his own , buying less liquor and watching portion sizes .",1
Global Banking News - 28 September 2010 Tieto Corporation and Pohjola Bank ( PINK : POJLF ) are to cooperate on SWIFT services .,2
"In connection with the deal , Digia will employ 19 persons from Nokia in Oslo and in Silicon Valley in the USA .",1
Solteq Plc ANNOUNCEMENT 16.12.2010 SHARE REPURCHASE 16.12.2010 In the Helsinki Stock Exchange Solteq Plc now holds a total of 486.969 shares including the shares repurchased on 16.12.2010 .,1
"Exports accounted for 65.4 % of net sales , representing an all time record for the company .",2
Commencing the construction works of Pearl Plaza is a significant step in our Russian projects .,2
"Sampo Group that has become a major shareholder in Nordea owns TrygVesta 's main competitor , If P & C Insurance .",1
facades in Riga 8 March 2010 - Finnish construction company YIT Oyj HEL : YTY1V said today that it will build the frame and the facades in a tower construction project in Riga .,1
"In the Baltic countries , development of operations and reorganisation continued , and non-recurring items related to the takeover process lowered earnings .",0
It was decided that the auditors are reimbursed according to invoice .,1
"Earnings per share EPS amounted to EUR0 .03 , up from the loss of EUR0 .08 .",2
The initial estimated total value was 1744900 EUR and the final award value was 1744900 EUR .,1
"Finnish plumbing and heating systems supplier Uponor 's net sales from continuing operations decreased by 9.4 % in 2008 to EUR 949.2 mn from EUR 1,047.4 mn in 2007 .",0
"Previously , the plant was expected to be completed by the end of 2008 .",1
"The contracts awarded to date , in connection with the system , amount to a total EUR 36 million .",1
"Products include Consumer Electronics devices such as mobile phones and their accessories , set-top boxes , flat panel TVs as well as System Solutions products such as infrastructure systems , modules and other industrial segment products .",1
No changes in media activity were seen in October compared with September .,1
UPM-Kymmene has generated thirty-one consecutive quarters of positive EBITDA .,2
The Group 's revenue in 2008 amounted to EUR 94 million and the company currently employs approximately 730 people .,1
Analysts surveyed by Thomson Financial expected revenue of $ 69 million for the quarter .,1
"` Nordea 's definitely too big for Sampo to acquire , ' said an analyst ` But Sampo would appear to have an agenda for Nordea ahead of the privatisation .",1
"The markets are almost completely controlled by three banks : Nordea , OP Bank Group , and Sampo .",1
One of my colleagues summed up the E7 quite aptly when he remarked : `` Fantastic hardware .,2
"Capacity of the facility made by Finland 's Vaahto Group is 86,000 tons of light coated paper .",1
"Rautakesko 's business operations in Norway and Russia , acquired in July 2005 , are included in the figures of the comparable period , impacting sales growth starting from August .",1
"Result before taxes decreased to nearly EUR 14.5 mn , compared to nearly EUR 20mn in the previous accounting period .",0
"With this acquisition the wireless modem unit and its approximately 1,100 employees were transferred to Renesas Electronics Corporation .",1
"` This is a repeat order to follow successfully installed 159 elevators in the same Delhi metro system , ' Kone spokeswoman told Thomson Financial News .",2
hu will offer a further discount of between 25 % and 50 % on selected books .,1
Merging the two free sheets will clarify the market situation .,1
"At first the contract envisaged the construction of three ferryboats with an option for two more units , further confirmed at a total value of 500 mln euro ( $ 645.8 mln ) .",2
"Aspo 's strong company brands - ESL Shipping , Leipurin , Telko and Kaukomarkkinat - aim to be the market leaders in their sectors .",1
The changes in readership were not significant .,1
"The company has a continuous need for alloys such as nickel , ferro-chrome , molybdenum and manganese in its production , said Talvivaara .",1
"ALEXANDRIA , Va. , March 15 -- Jaakko Vilo of Turku , Finland , has developed a panel press .",1
"Niina Nenonen , Marimekko 's current director for clothing , bags and accessories lines , will take up this role .",1
The measures taken will cause one-time costs during the final part of 2006 .,1
"`` The number of collection errors fell considerably , and operations speeded up .",2
"The company was supposed to deliver machinery to a veneer mill in the Tomsk region , in Russia .",1
Finnish lifting equipment maker Konecranes HEL : KCR1V said on 29 July 2009 it has raised its stake in Austrian manipulator maker ACS Konecranes to 80 % and bought German sector player Knight Europe .,2
The growth of net sales has continued favourably in the Middle East and Africaand in Asia Pacific .,2
Margin call of Zanadvorov has given the chance to make such purchase under the credit of Deutsche Bank for USD 560 million .,1
The value of the order is EUR 4mn .,1
"On the route between Helsinki in Finland and Tallinn in Estonia , cargo volumes increased by 36 % , while cargo volumes between Finland and Sweden fell by 9 % .",1
"`` We are very pleased to be working with Fujitsu and NTT DoCoMo to advance the progress of LTE , '' said Juergen Walter , Head of Converged Core , Nokia Siemens Networks .",2
"The end-to-end delivery combines the competencies and services from TietoEnators Telecom & Media , Processing & Network and Digital Innovations Business Areas .",1
The agreement with JM is one in a series of contracts that TeliaSonera has signed in recent months with residential construction and real estate management companies in Sweden .,1
"Digia said its consolidated net sales for January-June 2010 were EUR67 .8 m , up 9.7 % on the same period in 2009 ( EUR61 .9 m ) .",2
Layoffs will also take place at the Suomussalmi and Kuhmo plants this autumn as a result of codetermination negotiations held there .,0
The Federal Secretary for Transport and Communication of Mexico has awarded Poyry and its Mexican partner Sintra a consulting contract in connection with the Buenavista-Cuautitlan suburban railway .,2
Teleste has some 30 offices worldwide and is listed on the Nordic Exchange in Helsinki .,1
Another problem is cola-flavoured long drinks .,1
"The money will be spread mainly over 2011 and 2012 , the company said .",1
"In Finland , OP-Pohjola 's staff union is boycotting the group 's insurance sales tasks because the company has refused to take the sale of insurance into account in determining wages .",0
Changes to the as-built models from the design were communicated to the subcontractors to accommodate them into the steel and GRC fabrication process .,1
"HK Ruokatalo produces many turkey products , such as cold cuts .",1
"Finnish Scanfil , a systems supplier and contract manufacturer to the communications sector and the electronics industry , reports net sales of EUR 49.6 mn in the first quarter of 2009 , which are only a per cent smaller than in the corresponding period in 2008 .",0
Honkarakenne Oyj - a world-leading manufacturer of genuine wooden homes - will be sponsoring Finnish crosscountry skier Virpi Kuitunen for the next three years .,1
"In addition to the demand in Finland , the export of lining stone products also increased .",2
"Jarmo Honkamaa , head of the oil refining business at Neste Oil , says the situation looks promising from their viewpoint .",2
"As a result , a total of 82 employees would be given notice .",1
"Currently it operates a fleet of eight carriers , as well as nine pushers and barges .",1
Filmiteollisuus Fine Ab will be transferred to Talentum Oyj in the form of a subsidiary .,1
"The broker highlights Cargotec as its preferred stock in the sector , as it is a pure play on global cargo and container handling , and it expects it to play an active role in further consolidating the industry .",2
Hobby Hall 's sales decrease 26 pct due to implementing a new information system that involved changing in the principal of posting sales .,0
About Dopplr Dopplr is a service for smart travellers .,1
The use of validation rule base enables verifying that processing rule bases managed by different administrators fulfil some set requirements .,1
The Efore plant at Saarijarvi in central Finland is one of the largest employers in the region .,1
Espoon kaupunki awarded contracts for personal care products .,2
"Rinkuskiai raised the sales by 18.1 percent , to 1.37 million liters , while the sales of Kauno Alus grew by 14.3 percent , to 960,000 liters .",2
Operating profit improved by 44.0 % to ER 4.7 mn from EUR 3.3 mn in 2004 .,2
"While I cant understand what theyre saying , its impressive to watch him hit that ball at those speeds .",1
Delivery is due in the second half of 2011 .,1
"To showcase our end-to-end capabilities at the Mobile World Congress , we arranged an internal MeeGo application development competition to entice developers to create new applications .",1
Boomerang Boats had net sales of EUR 4.1 mn and it made an operating profit of EUR 0.4 mn in 2006 .,1
Metso said it has won an order worth around 40 mln eur to supply a kraftliner board machine to China 's Lee & Man Paper Co. .,2
"The company serves customers in various industries , including process and resources , industrial machinery , architecture , building , construction , electrical , transportation , electronics , chemical , petrochemical , energy , and information technology , as well as catering and households .",1
"4 February 2011 - Finnish broadband data communication systems provider Teleste Oyj HEL : TLT1V saw its net profit jump to EUR2 .1 m for the last quarter of 2010 from EUR995 ,000 for the same period of 2009 .",2
"In stead of being based on a soft drink , as is usual , the Teho energy drink is made with fresh water .",1
Operating profit for 2009 lower than outlook published earlier .,0
The agreement includes the entire process of managing Mercator 's supply chain in all regions where the company is currently present .,1
"It 's `` finger-friendly '' , and to my opinion , really fast .",1
The company supports its global customers in developing new technologies and offers a fast route from product development to applications and volume production .,1
The company reported net sales of 302 mln euro $ 441.6 mln and an operating margin of 16 pct in 2006 .,1
One of Uponor 's promising future products is a hydronic cooling system .,2
And Ogden reportedly will shell out $ 4.2 million .,1
The issuer is solely responsible for the content of this announcement .,1
Finnish Aktia Group 's operating profit rose to EUR 17.5 mn in the first quarter of 2010 from EUR 8.2 mn in the first quarter of 2009 .,2
"The Finnish real estate investment company Interavanti Oyj said on Monday ( 22 September ) that it has agreed to sell its 65 % ownership in the Finnish ticket service company Lippupiste Oy to CTS Eventim AG ( 56,1 % ) and to the managing director of Lippupiste Oy .",1
"In the Baltics , the merger of the businesses of the two is expected to be completed in early 2008 .",1
"YIT 's Baltic sales in the first three quarters of 2008 totaled 106.2 million euros , representing a drop of 29 percent year on year .",0
"EUR928 ,000 in Q1 2010 6 May 2010 - Finnish textile and clothing design company Marimekko Oyj ( HEL : MMO1V ) said today its net profit rose to EUR928 ,000 in the first quarter of 2010 from EUR13 ,000 in the corresponding period a year earlier .",2
"In April 2010 , Olvi 's range of ciders will expand with a strawberry-rhubarb and an apple-pear cider in green bottles with a new shape .",1
"Operating profit totalled EUR 5.8 mn , up from a loss of EUR 1.7 mn in the fourth quarter of 2009 .",2
"The highest growth would be in China , while weakening demand would continue in North America , UPM said .",1
EB will hold the exclusive rights to market the new entity 's product .,1
"The tightened competition situation in the production automation market has affected net sales during 2006 , Cencorp said .",0
This wood lacquered clock comes with a stripy hand-crocheted cover .,1
"He found him again , however , after the driver was involved in a two-car accident .",1
"The order consists of outsourced application management , support and planning for Tecnotree and third-party applications .",1
"Finnish Bank of +àland reports operating profit of EUR 2.2 mn in the first quarter of 2010 , down from EUR 6.3 mn in the corresponding period in 2009 .",0
UPM-Kymmene said its has ` not indicated any interest in any domestic consolidations ' .,1
"Also the city 's insurance company , If P & C Insurance , has said it will not pay compensation .",0
Yvonne Jones is owner of Chameleon Interiors .,1
This ideally placed them in a position to tap into the potential of clean technology .,1
"The sale will be finalized in September or October , the company said .",1
Ms Laakso will be responsible for HKScan 's HR functions and for their development in all of the Group ` smarket areas .,1
Vacon 's office will support its customers in Brazil and South America .,1
"Please inform IR Johanna Koskinen of your participation no later than 20 April at 10 a.m. A telephone conference for financial analysts and investors , conducted in English , will begin at 3:00 p.m. Finnish time ( EET ) .",1
Efore 's CEO Reijo Maihaniemi said that the company has developed and already delivered power supply units to respective systems based on this technology to Chinese sector company ZTE Corp SHE : 000063 .,1
"According to Eijkens , a publisher can do much more than just publish colourful books : a publisher can provide value added to information by individualising it .",1
Olli-Pekka Kallasvuo was elected as vice chairman of the Board .,1
An individual promotion also generated slightly higher-than-expected revenues .,2
"Beef imports fell slightly from 2006 , to 14mn kilos .",1
The annual net sales of the unit is some EUR 5 million and it currently employs some 55 people .,1
"Finnish software company QPR Software Plc ( OMX Helsinki : QPR1V ) reported on Thursday ( 23 October ) an operating profit of EUR63 ,000 on net sales of EUR1 .5 m for the third quarter 2008 .",1
"She will succeed Krister Kylas , who has decided to leave TeliaSonera .",1
Arena Partners Oy is a development company for electronic business .,1
ZAO YIT Moskovia builds housing in Moscow and its surrounding cities .,1
Finnish Raute Precision has won large glass batch plant and mortar plant orders from Mexico and the US .,2
"In Finland , 71 % of paper and paperboard is reclaimed .",1
"The transaction doubles Tecnomens workforse , and adds a fourth to their net sales .",2
"The service is intended to allow the people of thirteen Mediterranean countries to reach the Baltic more rapidly , with a single carrier .",2
"The company has the poser , who wants to impress people with the latest handset .",1
"CapMan Plc Press Release 31 March 2008 Jukka Ruuska , President of the OMX Nordic Exchanges and the Stockholm Stock Exchange , will transfer to CapMan effective no later than September 2008 .",1
"S&P has kept its `` sell '' rating , while Nordea and UBS have reaffirmed their `` buy '' recommendations .",1
Pohjola and cooperative banks have continued to combine their branch office network .,1
"It is also set to launch a messaging service in the next few days , which would enable users to access their e-mail accounts on MS Exchange .",1
"Ruukki Romania , the local arm of Finnish metal producer Ruukki , increased its capital by 900,000 euro ( $ 1.14 mln ) through cash contribution , it was reported on September 19 , 2006 .",2
Finnish fibre-based materials maker Ahlstrom Corp ( HEL : AHL1V ) said today it decided to close down its spunlace composite production line number 23 at Chirnside plant in the UK by the end of March 2011 .,1
Earnings per share ( EPS ) amounted to a loss of EUR0 .05 .,0
"The company is now intensifying its smelter operations and increasing its annual production capacity to 230,000 tonnes of copper .",2
The value of this kind of order amounts usually between Euro 2 and 3 million .,1
"It projected revenue of $ 2.2 billion to $ 2.3 billion , slightly higher than analyst estimates of $ 2.19 billion .",2
Renesas Mobile Europe Ltd has approximately 470 employees in Oulu .,1
`` Our design team has long admired Marimekko 's vivid patterns and colors .,2
"In 2007 , the Group 's net sales stood at EUR 22 million and it had about 150 employees at the end of June , 2008 .",1
"Following the acquisition , Relacom will strengthen its presence in Finland , serving operators and office market with mobile and fixed networks construction , installation and maintenance services .",2
The share of the share capital of both above mentioned shareholders remains below 5 % .,1
Protalix has $ 42 million in cash and no sales .,1
Vaisala 's expertise in lightning data and information systems is based on extensive experience and investment in R&D .,1
"With CapMan as a partner , we will be able to further develop our business and continue to focus on providing quality restaurant services for our customers , '' says Christopher Wynne , CEO of Papa John 's Russia .",2
M-real 's sales are expected to have increased by 4 % year-on-year to EUR609m in the second quarter of 2010 .,2
`` We are pleased to welcome Tapeks Noma into Cramo group .,2
"Advertising and circulation revenues grew by 3.4 % and by 0.4 % , respectively .",2
"Last month , Outokumpu sold more than 80 percent of its technology unit , Outokumpu Technology Oyj , to further its strategic goal of becoming the world 's largest stainless steel maker .",2
"The OMX Helsinki 25 ended 0.47 pct lower at 3,150.55 and the OMX Helsinki was down 0.21 pct at 10,736.42 on 1.523 bln eur turnover .",0
"`` We have come out with a decision which is based on our preliminary economic , operational and environmental findings , '' Karvinen said .",1
"Elcoteq SE Stock Exchange Announcement February 4 , 2009 at 10.00 am ( EET ) Elcoteq will publish its financial statements bulletin 2008 on Wednesday , February 11 , at 9.00 am ( EET ) .",1
The first charging stations will be made available already in 2008 and a whole network is to be ready in 2010 .,1
EUR 152.4 mn of this was net interest income .,1
The rebuilds are designed to improve the machines ' performance and product quality .,2
All are welcome .,1
"Fiskars Brands report net sales of EUR 145.8 mn , up from EUR 138.4 mn .",2
Technopolis is Europe 's leading operator of technoparks .,2
Return on equity stood at 18.3 % compared to 15.4 % in the third quarter of 2005 .,2
The contract is for next year .,1
"Rockwell Collins is a provider of flight deck , cabin and information management solutions for business aircraft operators .",1
Talvivaara is listed on the London Stock Exchange Main Market and NASDAQ OMX Helsinki and is included in the FTSE 250 Index .,1
One of the largest projects of the magazine division of SanomaWSOY - Sanoma Magazines International in 2006 became launch of the Russian magazine Gloriya .,1
Symphony Services provides development services for Aldata GOLD .,1
The exercise price of the option will be based on Safran Software Solutions ' license and maintenance sales as well as the result of the company .,1
The purchase sum is about EUR 10mn US$ 12.97 mn .,1
The company is reportedly searching for a replacement for CEO Olli-Pekka Kallasvuo .,1
"Outotec said it won new orders worth 492.9 mln eur during the quarter , compared with 240.4 mln eur a year earlier .",2
"`` We have significant experience in smartphone functionality , in the development of mobile Internet services , and in uniting the two into a smooth user experience .",2
The company 's board of directors will propose a dividend of EUR 0.14 for 2008 at the annual general meeting .,1
"Alma Media 's operating profit amounted to EUR 11.9 mn , down from EUR 15.0 mn a year earlier .",0
Finnish glass technology group Glaston Corporation ( OMX Helsinki : GLA1V ) reported on Thursday ( 14 August ) an operating profit of EUR6 .5 m on net sales of EUR201 .5 m for the period January-September 2008 .,1
Finnish metal products company Componenta Oyj net profit went slightly down to 25.1 mln euro ( $ 40.2 mln ) for the first half of 2008 from 25.4 mln euro ( $ 40.7 mln ) for the same period of 2007 .,0
They will be sunk to a depth of some 360-380 metres and fixed to the bottom mud by vacuum .,1
The company 's net sales in 2009 totalled MEUR 307.8 with an operating margin of 13.5 per cent .,1
"The new Kroksberg railway tunnel will be built on a new section of track between Harnosand and Veda , forming part of the line that follows the coast of the Gulf of Bothnia .",1
"ALEXANDRIA , Va. , Dec. 19 -- United States Patent no. 7,853,620 , issued on Dec. 14 , was assigned to Nokia Corp. ( Espoo , Finland ) .",1
The corrected chapter is in its entirety below .,1
"According to Finnish insurance companies Tapiola , Local Insurance Group ( L+ñhivakuutus ) , and Pohjola the two fierce storms at the end of July and in the beginning of August 2010 that felled trees around Finland have speeded up sales of forest insurance .",2
"`` Method and System for Controlling a Hard Disk Drive Using a Multimediacard Physical Interface '' was invented by Marko Ahvenainen Ruutana , Finland .",1
Activities range from the development of natural resources to the retailed marketing of finished products .,1
"Finnish printed circuit boards ( PCBs ) maker Aspocomp Group Oyj said on December 4 , 2006 it named Henry Gilchrist senior vice president of the group 's Asian operations , as of January 8 , 2007 .",1
"Last year the company raised its turnover to approximately 7 million litas EUR 2 mln , from 6.1 million litas in 2004 .",2
Productional situation has now improved .,2
"After completion of the acquisition , Poyry 's oil and gas expertise will cover multi-discipline engineering and consulting services across the complete oil and gas asset lifecycle , including deepwater engineering services .",1
It has80 branches in Finland with annual revenue in Finland of ?,1
It also said its third quarter diluted EPS came in at 0.34 eur compared with 0.16 eur in the same quarter a year ago .,2
"Also , a six-year historic analysis is provided for these markets .",1
"It started with software that was capable of retrieving the data typed into the computer keyboard ( `` keyloggers '' ) , and then more complex mechanisms arrived on the scene , such as phishing and pharming .",1
Aspocomp has repaid its interest bearing liability to Standard Chartered Bank and will use the rest of the consideration to partially repay its interest bearing liabilities in Finland and to improve its liquidity .,2
"HELSINKI ( AFX ) - Nokian Tyres reported a fourth quarter pretax profit of 61.5 mln eur , up from 48.6 mln on the back of strong sales .",2
A new production line is being completed for the contract production of hormone treatments .,2
"from BUSINESS LINE , May 16 , 2008 Sriperumbudur , May 15 - Nokia 's two key suppliers - Aspocomp and Wintek - are likely to start operations within three months in the Nokia Telecom Park at Sriperumbudur , 45 km west off Chennai .",1
Lean System supports change management and component purchasing extremely well .,2
HELSINKI AFX - KCI Konecranes said it has won an order for four hot metal ladle cranes from Indian steel producer Bhushan Steel and Strips Ltd. .,2
He is a Chartered Accountant in British Columbia and Alberta as well as a Certified Public Accountant in Washington State .,1
"The mall will be financed on a parity basis by Pearl Plaza LLC , the joint venture company established by the Chinese investor Shanghai Industrial Investment Holdings Co Ltd , and SRV Group .",1
4 ) Complete name of the shareholder : Otto Henrik Bernhard Nyberg 5 ) Further information : The amount of shares now transferred corresponds to 5.68 % of the total number of shares in Aspo Plc. .,1
"This one was at one time targeted for June 5 , but if we had to guess , it 's been pushed back -- maybe we 're crazy , but we feel like it has n't leaked enough to meet that date at this point .",1
"Outokumpu 's steel mill in Tornio , in Finland , is the suspected source .",0
"Finnair 's passenger load factor , which measures the number of sold seats as a share of all available seats , dropped by 1.3 percentage points to 76.7 % in September .",0
"SysOpen Digia Plc , Press release , 7 February 2006 IBM Finland has rewarded its most distinguished partner companies for 2005 .",2
The opening of the portal is part of the expansion strategy of Alma Media 's Marketplaces business unit .,1
Etteplan targets to employ at least 20 people in Borl+ñnge .,2
Uponor has initiated actions to attempt to recover the cost of the replacement program from the supplier of the clamps as well as its insurance company .,1
It is the most awkward thing to use if you 're holding the phone with one hand .,0
Finnish sports equipment maker Amer Sports Oyj ( HEL : AMEAS ) said today that its net loss narrowed to EUR 16.9 million ( USD 22.3 m ) in the second quarter of 2010 from EUR 23.2 million in the corresponding period a year earlier .,2
"As of July 2 , 2007 , the market cap segments will be updated according to the average price in May 2007 .",1
Net sales fell by 33 % from the third quarter of 2008 to EUR 130.5 mn .,0
"ADP News - Jan 13 , 2009 - Finnish industrial and environmental measurement equipment maker Vaisala Oyj OMX : VAIAS said yesterday it will develop an operational reference radiosonde for climate change observations .",1
"The equipment is designated to Bollore Africa Logistics terminal Societe d'Exploitation du Terminal de Vridi SETV in Abidjan , Ivory Coast and the delivery is scheduled to start in March 2010 .",1
"The mill will have capacity to produce 500,000 tonnes of pulp per year .",1
"Some of the most recent technology deliveries include refinery technology to Anrak Aluminium , an iron ore pelletizing plant to Tata Steel and iron ore sintering plants to Bhushan Steel .",1
Operating loss increased to EUR 17mn from a loss of EUR 10.8 mn in 2005 .,0
"The rewards to be paid on the basis of the earning period 2011 will correspond to the value of a maximum total of 364,000 Componenta Corporation shares including also the proportion to be paid in cash .",1
"The equipment will be made at Vaahto 's plant in Hollola in Finland , and delivery is scheduled for the first quarter of 2009 .",1
"On Dec. 1 , Grimaldi acquired 1.5 million shares and a 50.1-percent stake in Finnlines .",1
Total two offers were received by Contracting Authority for participating in this contract ; however the contract was allotted to Affecto Finland Oy .,1
Customers in a wide range of industries use our stainless steel and services worldwide .,1
"Finnish soapstone processing and fireplaces maker Tulikivi Oyj said on February 26 , 2007 it would cut less than 20 jobs from its fireplace sales organization , production facilities and its subsidiary Kermansavi Oy .",0
"According to Tiimari , consumers are advised to cut away the rabbits bow tie that contains the formadehyde and dispose of it .",1
Turnover rose to EUR21m from EUR17m .,2
"In addition to Russia , we now seek additional growth in Ukraine .",2
"The prosecutor is also demanding Outokumpu pay a fine of EUR 800,000 at most .",0
"The company 's profit totaled Ls 578,100 in H1 2007 , down 30.9 % year-on-year .",0
The proportion of Estonian and Lithuanian passengers on the Tallinn-Helsinki route also grew in July .,2
The Swedish subsidiary holds 1.0 % net smelter return `` NSR '' royalties over two advanced copper projects in northern Sweden - the Viscaria and Adak Projects - being developed by Avalon Minerals Ltd. ASX : AVI .,1
"When dialing in , the participants should quote 877417 as conference ID .",1
Finnish Outokumpu Technology has been awarded several new grinding technology contracts .,2
"BasWare Invoice Processing , BasWare Contract Matching , BasWare Order Matching and BasWare KPI Reporting Tool are part of the BasWare 's Enterprise Purchase to Pay product suite .",1
The reductions will be concluded by autumn 2010 .,1
The webcast may be followed online on the company website at www.ruukki.com/investors .,1
"The company is headquartered in Sievi , Finland , and is listed on the Nordic Exchange in Helsinki .",1
"SRV will also build an aqua park with wellness area , a restaurant and a multifunctional ice arena .",1
Underground parking facilities will also be built on the basement floor .,1
The transaction value is CAD 15 million approximately EUR 10 million .,1
The Group 's order portfolio decreased from EUR 42.9 mn in 9-2007 to EUR 33.3 mn in 2-2008 .,0
Metso Foundries Jyvaskyla Oy will discontinue production on this line by 30 September 2008 .,1
The lay-offs will affect 240 people out of the total 320 Okmetic employees in Finland .,0
"Following the registration , the number of issued and outstanding shares of Basware is 12,890,829 .",1
"Finnish W+ñrtsil+ñ that provides power solutions for the marine and energy markets has opened a Service Centre in Murmansk , in Russia .",1
The value of orders on hand totaled EUR 237.1 mn .,1
The move was triggered by weak demand for forestry equipment and the uncertain market situation .,0
"Its board of directors will propose a dividend of EUR0 .12 per share for 2010 , up from the EUR0 .08 per share paid in 2009 .",2
"The contract , which was signed yesterday , will run for five years and includes a two-year extension option .",1
The product 's front-edge folding maximizes weather resilience and enables a seamless roof finish .,1
"Viking Line 's cargo revenue increased by 5.4 % to EUR 21.46 mn , and cargo volume increased by 2.4 % to 70,116 cargo units .",2
"F-Secure , a developer of security solutions as a service through Internet Service Providers and mobile operators , announced results from its annual Online Wellbeing Survey .",1
The building will house product development and test laboratories .,1
The number of magazine and newspaper readers remained unchanged .,1
The ground barleycorn has been fully produced in Finland and will be available in stores as of the beginning of 2010 .,1
Finnish Raisio ( Diagnostics ) is launching new DNA-based quick tests to ensure the safety of food .,2
HELSINKI ( AFX ) - KCI Konecranes said that Franklin Resources Inc 's share of voting rights in the Finnish cranes company fell last week to 4.65 pct from more than 9 pct in October 2005 .,0
Their names have not yet been released .,1
ArcelorMittal Chief Executive Officer Lakshmi Mittal has already cut output at some furnaces .,0
"Cencorp would focus on the development , manufacture and marketing of standard products for production automation .",1
Following the increase the company+óEUR TM s capital totals 5.5 mln Romanian lei $ 1.98 mln-1 .56 mln euro .,1
"Cohen & Steers , Inc. : 5 534 626 shares representing 4.985 % of the share capital and voting rights .",1
Residents access to the block is planned to be from Aleksandri Street .,1
"OTHER  North-Rhine Westphalia - Is to issue a benchmark , 5 year fixed rate deal in Euros .",1
`` Consumers have very well received our packed fresh meat .,2
The aim is an annual improvement in Ruukki Construction 's operating profit of more than EUR 3 million USD 4.1 m starting in 2009 .,2
"Among the Scandinavian companies present in St. Petersburg , is also named the Swedish concern NCC , which implements projects in the field of asphalt production , road and housing construction ( project Swedish Krona ) .",1
Finnish KCI Konecranes has been awarded an order for four hot metal ladle cranes by Indian steel producer Bhushan Steel & Strips to be delivered in 2007 .,2
Okmetic 's silicon wafers are part of a further processing chain that produces end products that improve human interaction and quality of life .,1
"EQ Bank forecasts Olvi 's net sales at EUR 67mn in the second quarter of 2009 , and operating profit at EUR 6.4 mn .",1
Juha-Pekka Weckstr+Âm has been appointed President of telecom group TeliaSonera Finland to succeed Esa Rautalinko .,1
"At 1.33 pm , the OMX Helsinki 25 was 0.30 pct lower at 2,463.67 and the OMX Helsinki was down 0.37 pct at 8,537.42 on volume of 256 mln eur .",0
"Previously , the company expected its 2008 financial performance to remain at the same level as in 2008 .",1
"Apart from Nordea , also Ergo is competing for the position among the top three pension funds providers in Estonia .",1
L&T 's net profit for the whole 2010 dropped to EUR 36 million from EUR 45 million for 2009 .,0
Operating profit improved by 39.9 % to EUR 18.0 mn from EUR12 .8 mn .,2
Most of the dividend will go to the Grimaldi family .,1
"JP Morgan expects that Scala will lower Nobel Biocare 's growth forecast for 2007 from the current guidance of 23-25 pct , as well as the operating margin target from the current 34-35 pct .",0
"`` However , the rapidly increasing costs and the strengthening of the euro were challenging for the whole industry , and they impacted on our results . ''",0
"Uponor made an operating profit of EUR 151.0 mn , up from EUR 143.7 mn , which made 2007 a record year .",2
"With five different game modes , co-op tournaments , 4 player split-screen and multiplayer modes , players can have as much fun as they would if they were actually fishing .",1
The company also equipped the sculptural complex Rabochy i Kolkhoznitsa A Worker and a Collective Farmer in Moscow with snow melting system .,1
"The Company serves approximately 3,000 customers in over 100 countries .",1
"`` P&O Ferries now has a very efficient and powerful vessel for its Dover to Calais route , '' head of the shipbuilder 's Rauma yard , Timo Suistio , said .",2
"According to HK Ruokatalo , almost all the meat used by the company comes from Finland .",1
Finnish and Swedish construction markets are still experiencing an estimated 4 % annual growth in 2008 .,2
"Sales climbed 19.2 pct to 1.002 bln eur , surpassing the 953 mln eur consensus figure .",2
In Sweden the agreement covers data communication services as well .,1
Cargo volume increased by approximately 5 % .,2
The effect of the savings will be noticeable as of the beginning of 2010 .,2
A merger between UPM and Finnish-Swedish Stora Enso is not likely either .,1
"The last quarter was the best quarter of 2009 in net sales , and the operating margin rose to 12.2 % .",2
"Finnish dental care group Oral Hammaslaakarit Oyj posted a total net profit of 849,000 euro $ 1.1 mln in the first nine months of 2006 versus a net loss of 331,000 euro $ 421,000 in the same period of 2005 .",2
The new activity will incur an investment of about 5 MEUR .,1
"The building complex consists of high-quality office and retail space totalling 49,200 square metres , the company said .",1
Joint procurement will be later extended to the factories in the Baltic countries .,1
"The Swedish buyout firm has sold its remaining 22.4 percent stake , almost eighteen months after taking the company public in Finland .",1
"One of the headboxes will be equipped with a modern consistency control system to ensure cross machine profile of the plasterboard , company said in a statement received by Lesprom Network .",1
"Finnish investor Scanfil Oyj ( HEL : SCF1V ) said last Friday it has bought 57 million shares , or 32.96 % , in Norwegian contract electronics manufacturer Kitron ASA ( OSL : KIT ) for NOK 143.9 million ( USD 24.4 m-EUR 18.1 m ) .",1
Export declined by 6 percent to 16.4 million liters .,0
Ulefos Group is the leading supplier of manhole covers in the Nordic countries .,1
"Besides , as there is no depositor preference in Finland , senior debt and deposits rank on a par , which is also taken into consideration , the agency added .",1
6 October 2010 - Finnish paints and coatings company Tikkurila Oyj HEL : TIK1V announced today the launch of Tikkurila ProHouse method for protection of wooden surfaces via treatment with Ultra Pro waterborne products .,1
This is the first time Finnair has been awarded an agreement with the UK government .,2
"Neste Oil Corporation is a refining and marketing company concentrating on clean , high-quality traffic fuels .",1
"The tanks will be delivered to a company which is currently building a chemical tank farm in Antwerp , northern Belgium .",1
Diluted earnings per share ( EPS ) stood at EUR 0.25 versus EUR 0.42 .,0
"HELSINKI Thomson Financial - Shares closed little changed , with Cargotec and Huhtamaki dropping sharply on disappointing second-quarter reports .",0
"Depending on the market situation , such projects are sold after 1 to 3 years after completion .",1
No changes regarding the Virala Oy Ab s ownership of shares of Tiimari has taken place .,1
Mobile communication and wireless broadband provider Nokia Inc NYSE : NOK today set new financial targets and forecasts for Nokia and the mobile device industry and also for Nokia Siemens Networks and the mobile and fixed infrastructure and related services market .,1
"The Vaisala Group is a successful international technology company that develops , manufactures and markets electronic measurement systems and products .",2
The company plans to expand into the international market through its subsidiaries and distributors from 2011 onwards .,2
"In a letter to Economic Affairs Minister , the listed Estonian shipping company Tallink asks for the approval to be entitled to a 15 % cut in port fees in 2010 .",1
"Operating profit for the six-month period decreased from EUR21m , while net sales increased from EUR436 .9 m , as compared to the corresponding period in 2007 .",0
"Finnish engineering and technology company Metso Oyj said on May 27 , 2008 it completed the acquisition of paper machinery technology from Japanese engineering company Mitsubishi Heavy Industries ( MHI ) for an undisclosed sum .",2
Lemmink+ñinen started the manufacture of roofing felt in 1920 and the production of asphalt in the 1930s .,1
"Following the demerger , the vice president of the group 's pharmaceutical trade in Finland , Jukka Niemi , will be appointed managing director of Oriola in addition to his current responsibilities .",1
It has some 30 offices worldwide and more than 90 pct of its net sales are generated outside Finland .,1
Finnish glass technology company Glaston Oyj Abp net profit decreased to 2.6 mln euro ( $ 3.8 mln ) for the first nine months of 2007 from 7.8 mln euro ( $ 11.4 mln ) for the same period of 2006 .,0
"Operating profit totalled EUR 7.0 mn , up from a loss of EUR 4.0 mn in the second quarter of 2009 .",2
Sales were down 14 per cent in Finland and up 27 per cent abroad where sales were lifted by the strong growth in sales in Russia and Lithuania .,1
The contract covers new energy-efficient AC drives that have been designed in cooperation between the companies .,1
Tekla will implement the renewal in software versions which will be introduced in spring 2011 .,2
The employment contracts of 14 of the employees will end in March 2009 as a result of the company 's previous employer-employee talks .,0
Almost two thirds of Olvi 's net sales come from outside Finland .,1
We look forward to helping the company develop its operational services and further digitalize its services for its customers . '',2
"UPM is the biggest producer of magazine paper in Europe , with a market share of over 30 pct , and it is likely to say that prices in the segment were at best flat during the quarter , analysts said .",1
"`` The new agreement is a continuation to theagreement signed earlier this year with the Lemminkainen Group , whereby Cramo acquired the entire construction machine fleet ofLemminkainen Talo Oy Ita - ja Pohjois Suomo , and signed asimilar agreement , '' said Tatu Hauhio , managing director ofCramo Finland .",1
"STOCKMANN plc COMPANY ANNOUNCEMENT February 20 , 2007 , at 13.40 An annual summary of Stockmann 's stock exchange and financial press releases in 2006 is available on the company 's website at the address www.stockmann.com .",1
"Clothing retail chain Sepp+ñl+ñ 's sales increased by 8 % to EUR 155.2 mn , and operating profit rose to EUR 31.1 mn from EUR 17.1 mn in 2004 .",2
"Finnair 's Tallinn-based subsidiary , Aero AS , carried 23,335 passengers , a decline of 60.8 % , on routes between Helsinki and the Baltic capitals and within Southern Finland .",0
"The total floor area of the plant expansion is 29,000 square metres .",1
"Global Markets Direct 's Pohjola Bank plc - Financial Analysis Review is an in-depth business , financial analysis of Pohjola Bank plc. .",1
`` I 'm not sure what 's happening .,1
"`` Installation of the automatic varnishing line is an important part of the company 's strategy in the region of central and eastern Europe , '' said Jozef Misurec , the director of Ruukki Slovakia .",2
"It 's even a little bit higher than Yara 's multiples on itself , ' an analyst in Helsinki said .",1
Exel wants to serve its industrial customers with individual products .,1
Deliveries have started and the network will be ready for a launch soon .,2
"In the second quarter of 2010 , the group 's pretax loss narrowed to EUR 400,000 from EUR 600,000 .",2
Revenue grew 12 percent to (  x20ac ) 3.6 billion ( US$ 4.5 billion ) .,2
"` The stable outlook reflects Nokia 's strong market position in the global mobile handset market , strong cash flow generation , and very conservative balance sheet , ' said Raab .",2
"London 's leading shares today jumped almost 100 points , or 1.7 % , as the market opened .",2
"Solvay S.A. has engaged Poyry to provide project management , engineering , procurement , and site services for a hydrogen peroxide production plant to be built by a Solvay-BASF joint venture at BASF 's Zandvliet site , Belgium .",1
A new Kveyt light variety of Suomalainen Pekoni marketed under the Atria brand name is now available to consumers in Finland .,2
"As a part of the plan , the Board of Directors decided to transfer a maximum of 330,000 shares held by the company in a share issue against payment directed to Aspo Management Oy , a holding company acquired by the management .",1
Elcoteq SE is Europe 's largest contract electronics maker and has set up a unit in Bangalore in association with Avista Advisory of Mumbai .,1
The contracts have been signed to acquire uranium produced at the Sotkamo nickel-zinc mine in eastern Finland owned by Talvivaara .,2
No financial details were reported .,1
"Finland 's Technopolis is planning to bring the first section of a technopark on stream in St. Petersburg at the end of 2008 , Kari Mikkonen , vice president of Technopolis , told reporters in Helsinki .",1
Valmet Automotive reports net sales of EUR 85mn and operating profit of EUR 8mn .,1
"In Q1 of 2010 , Bank of +àland 's net interest income increased from EUR 9.1 mn to EUR 9.7 mn .",2
"In September 2010 , the Finnish group agreed to buy Danish company Rose Poultry A-S for up to EUR23 .9 m in a combination of cash and stock .",2
"Nordea Pankki Suomi Oyj , according to previously announced , has made forward contracts on Alma Media Corporation shares .",1
Fancy Dans on the move FAB Glasgow gift and interiors store Fancy Dans is moving !,1
It will also strengthen Ruukki 's offshore business .,2
"Stockholm , 3 March 2011 About Cybercom The Cybercom Group is a high-tech consultancy that offers global sourcing for end-to-end solutions .",1
"`` UPM 's deliveries increased during the third quarter by 4 percent , and the efficiency of operations improved , '' Chief Executive Jussi Pesonen said .",2
Swedish Wallenberg family controlled Investor has bought a large stake of C shares in Swedish retail bank SEB .,1
Finnish Talvivaara Mining Co HEL : TLV1V said Thursday it had picked BofA Merrill Lynch and JPMorgan NYSE : JPM as joint bookrunners of its planned issue of convertible notes worth up to EUR250m USD332m .,1
"In January-September 2007 , the group 's net sales from continuing operations rose to EUR 213.1 mn from EUR 172.6 mn in the corresponding period in 2006 .",2
"The company 's US subsidiary Vaisala Inc. acquires Aviation Systems Maintenance , Inc ASMI , a Kansas , U.S. based airport service company with over 2.6 million USD net sales in 2008 .",1
"`` After the share purchase is completed , financing will also be provided to expand Latvia 's broadband infrastructure and to develop new areas of business , including acquisitions of other companies . ''",2
"Cathay Forest 's strategy is to develop sustainable , regenerative forest assets .",1
"The company had earlier said that it was considering different strategic options for the struggling low-cost mobile operator , including a divestment of its holding .",1
The goal is to secure the company 's profitability and competitiveness .,1
"The Network Test Business is part of Elektrobit 's Test and Automation Business Segment and employs 39 people in Finland and 22 people abroad , mainly in the US and Asia .",1
"Tecnomen , headquartered in Espoo , Finland , develops messaging and charging solutions for telecomms operators and service providers worldwide .",1
"( ADPnews ) - Feb 3 , 2010 - Finland-based steel maker Rautaruukki Oyj ( HEL : RTRKS ) , or Ruukki , said today it slipped to a larger-than-expected pretax loss of EUR 46 million ( USD 64.5 m ) in the fourth quarter of 2009 from a",0
3 January 2011 - Finnish flag carrier Finnair Oyj ( HEL : FIA1S ) said today it sealed a nine-year sale and leaseback agreement for its newest Airbus A330 aircraft for syndication into the Japanese operating lease market .,2
"The move is aimed at boosting sales , cost-efficiency and market share in Finland .",2
"ALEXANDRIA , Va. , Dec. 22 -- United States Patent no. 7,854,608 , issued on Dec. 21 , was assigned to Outotec Oyj ( Espoo , Finland ) .",1
"`` We hope to clarify our policies to Finnish businesses where there are any gray areas , '' Motlanthe said .",1
Revenue grew 1 percent to euro742 .2 million US$ 964 million from euro735 million .,2
"It will be operated by Nokia , and supported by its Nokia NetAct network and service management system .",1
"Metsaliitto will sell 1.1 million B shares of Neomarkka , accounting for about 18.3 pct of Neomarkka 's equity and about 12.7 pct of the voting rights .",1
"After the split , the number of K shares will be 9 540 000 and the number of A shares 26 885 540 .",1
"`` We have a group of 120 volunteers made up of Digicel employees who will manage the distribution ... Over the next week , they will distribute the 19,000 tents to more than 150 organizations , '' Digicel Haiti CEO Maarten Boute said .",1
"Of these shares 14,747,084 are held by the Company and the number of outstanding shares and voting rights attached to the shares amounts thus to 161,256,847 .",1
A high court in Finland has fined seven local asphalt companies more than   lion ( $ 117 million ) for operating a cartel .,0
"Ahlstrom , headquartered in Helsinki , Finland , is a global company involved in the development , manufacture and marketing of high performance fibre-based materials .",1
"At the beginning of the subscription period on May 2 , 2006 the share subscription price under B option right is EUR 10.22 per share .",1
TietoEnator signed an agreement to acquire Indian research and development ( R&D ) services provider and turnkey software solutions developer Fortuna Technologies Pvt. Ltd. for 21 mln euro ( $ 30.3 mln ) in September 2007 .,1
"In 2009 , Lee & Man had a combined annual production capacity of close to 4.5 million tonnes of paper and 300,000 tonnes of pulp .",1
"CapMan has four investment areas ( CapMan Buyout , CapMan Technology , CapMan Life Science and CapMan Real Estate ) , and each of them has a dedicated team .",1
Efficiency programs totalling 100 million euros are under way in Finnair .,2
"The plant is scheduled for completion in late February 2007 with hand over of some areas in January Two other suppliers of Nokia - Aspocomp Group Oyj and Perlos - have announced their plans to establish plants within the Nokia complex Together , they will invest Rs 365 crore .",1
"Metso will provide a recovery boiler with a capacity of 6,800 tonnes of dry solids per day and an evaporation plant with six thermal stages and a capacity of 1,600 tonnes per hour .",1
"In 2009 , it reported net sales of approximately EUR 6mn .",1
"Acando AB ( ACANB SS ) fell 8.9 percent to 13.35 kronor , the lowest close since Dec. 11 .",0
The share subscription period for C options will commence on 1 September 2008 and expire on 31 March 2011 .,1
"The dollar fell , though , against the pound and the yen .",0
"Svyturys-Utenos Alus , which is controlled by the Nordic group Baltic Beverages Holding ( BBH ) , posted a 6.1 percent growth in beer sales for January-September to 101.99 million liters .",2
Bertrand Sciard has been the vice chairman of the board of directors of Aldata Solution since April 2007 .,1
"The divestment is in line with the company 's plans to focus on selected growth segments and streamline corporate structure , the company explained .",2
"Payment for acquired shares will be made in cash , and the price per share will be EUR 1 plus an administration fee .",1
"According to Ultrascan , with a software acquired from crackers , it has managed to change the mobile phone in a way that the phone was able to get hold of a one-time password sent by a bank via a text message .",1
The company had net sales of EUR 19.8 mn and a pre-tax profit of EUR 1.8 mn in 2005 .,1
"Under the contract , Ericsson will more than double the number of radio base stations in the Elisa network over the coming year .",1
"Salcomp Oyj , the Finnish maker of mobile phone chargers , Monday posted a EUR1 .49 million loss in the second quarter compared with a 1.70 million profit in the same period the previous year .",0
The net sales of the Power Plants business were EUR 710.3 million in 2005 .,1
"Panostaja Plc today acquired the entire share capital of Suomen Graafiset Palvelut Ltd , a provider of printing services .",1
The aim is to convert the plants into flexible manufacturers of new and technologically demanding products .,2
"Koduextra is operating a retail chain of 11 stores , controlled by Finnish Non-Food Center KY , Rukax OY , and Scan-Tukka OY .",1
"According shipping company Viking Line , the EU decision will have a significant financial impact .",1
"Russian officials inspected the damage and gave the vessel permission to continue to Tallinn at around 4.30 a.m. The Norwegian-registered M-T Sten Nordic was carrying 11,000 tons of gas oil and was manned by a Filipino crew .",1
"This implementation will upgrade the existing system , enabling voicemail and video mail to be housed on the same platform .",1
"`` We will now , after the relevant authority approvals , make a mandatory bid as required by the Finnish Securities Markets Act .",1
"Profit before taxes was EUR 4.0 mn , down from EUR 4.9 mn .",0
The volumes are expected to increase during the next few years .,2
Sales rose to 300.9 mln eur compared with last year 's 276.1 mln eur and in line with 299 mln eur consensus figure .,2
"HELSINKI AFX - Kesko Corp is expected to report a lower second quarter EPS today due to tax charges , but other earnings lines are seen higher year-on-year , analysts said .",0
"When this investment is in place , Atria plans to expand into the Moscow market .",1
"Operating loss was EUR 179mn , compared to a loss of EUR 188mn in the second quarter of 2009 .",2
27 January 2011 - Finnish IT solutions provider Affecto Oyj ( HEL : AFE1V ) said today it has won a EUR1 .2 m ( USD1 .6 m ) contract from state-owned Lithuanian Social Insurance Institution ( SODRA ) .,2
There are no substitutes to AC drives .,1
"Our in-depth expertise extends to the fields of energy , industry , urban & mobility and water & environment .",1
`` Marimekko aims to expand its distribution network primarily by increasing the number of concept stores and shop-in-shops .,1
"The airline was targeting travel agents , tour operators and travel management companies to raise awareness first before targeting consumers , he added .",1
"Garmin fell 4.5 percent to $ 34.53 at 1:33 p.m. in New York , while Google slid 0.7 percent at $ 576.50 .",1
We make available the following brand-new market analyses : Cement - UK Cement - Poland Cement - Belgium These analyses give a clear overview of the actual situation and future outlook of the cement industry in some European countries .,1
The order also includes extensive maintenance work of a shoe press delivered by Vaahto in 2001 .,1
"YIT lodged counter claims against Neste Oil totaling some EUR25m , primarily based on work carried out under the contract and additional costs incurred due to prolongation of the project .",0
"Proline Plus is available in both adjustable single and multichannel models and fixed volume single-channel models , in volume ranges from 0.1 micro litres to 10 ml .",1
"Finnish newspaper publisher Sanoma , of media group SanomaWSOY , is merging its free sheets Uutislehti 100 and Metro as of mid-September 2008 to form a new free sheet to be named Metro .",1
"Thus the method will cut working costs , and will fasten the planning and building processes .",2
Finnish fibers and plastic products maker Suominen Corporation said its net loss from continuing operations narrowed to 1.8 mln euro ( $ 2.3 mln ) in 2006 from 3.7 mln euro ( $ 4.8 mln ) in 2005 .,2
"In October , UPM reported a third-quarter net loss of euro86 million $ 110 million compared with a net profit of euro120 million in 2007 .",0
"The venture , which will be 51 % owned by Kemira and 49 % by IVRCL , will operate an inorganic coagulant manufacturing facility , to be built in Vishakapatnam Vizag in the state of Andhra Pradesh and to kick off operations in the second half of 2011 .",1
"Cash flow after investments amounted to EUR45m , down from EUR46m .",0
"Operating profit was EUR 11.4 mn , up from EUR 7.5 mn .",2
"According to statistics by the Finnish Maritime Administration , shipping did not increase much in January-August 2009 , however .",1
"Operating profit totalled EUR 9.0 mn , down from EUR 9.7 mn in the first half of 2008 .",0
Operating loss landed at EUR39m including one-offs and at EUR27m excluding one-offs .,1
The deliveries started in April 2006 and will be completed in 2007 .,1
"In 2009 , Fiskars ' cash flow from operating activities amounted to EUR121m , up from EUR97m in the previous year .",2
It also turned in earnings per share ( EPS ) of EUR 0.44 versus loss per share of EUR 2.26 .,2
"Finnish management software solutions provider Ixonos Oyj net profit decreased to 369,000 euro ( $ 575,000 ) for the first quarter of 2008 from 669,000 euro ( $ 1.0 mln ) for the same period of 2007 .",0
The Oxyview Pulse Oximeter is a common device to check patient blood-oxygen saturation level and pulse rate .,1
Aspo 's Group structure and business operations are continually developed without any predefined schedules .,1
The EA Reng group posted sales of approximately 84 million kroons for 2007 .,1
"( ADP News ) - Feb 6 , 2009 - Finnish fishing tackle company Rapala VMC Corp ( HEL : RAP1V ) said today its net profit rose to EUR 19.2 million ( USD 24.6 m ) for 2008 from EUR 17.5 million for 2007 .",2
"At the close , the OMX Helsinki 25 was 0.01 pct lower at 3,067.64 points and the OMX Helsinki was down 0.05 pct at 10,321.46 points on over 1.343 bln eur of turnover .",0
The Bank is also examining the benefits of transferring the Swedish business to operate as a branch office so that the operations would be governed by Finland 's laws .,1
The effect of the savings will be noticeable from the beginning of 2010 .,1
"The major part of the deliveries include different AC and CXE amplifier solutions and products by Belgian DINH Telecom , a broadband solutions company acquired by Teleste in the spring of 2007 .",1
"Raisio 's bid to buy Glisten is a `` win-win '' deal for both companies , the chairman of the UK snacks firm told just-food today 10 February .",2
Microsoft last week also issued the first patch for the Windows 7 operating system beta it had released days earlier .,1
"The Board established a Remuneration Committee with following members : - Sari Baldauf Chairman - Tapio Hintikka - Heikki Westerlund In addition , the Board decided to appoint a Nomination Committee at a later stage .",1
"The interim report for the first quarter is published on May 8 , 2009 .",1
"In addition , Cramo and Peab have signed exclusive five-year rental agreements in Finland and have extended their existing rental agreements in the Swedish market for another five years .",2
"TietoEnator itself uses Nokia 's Intellisync Mobile Suite 's wireless email , calendar , and device management capabilities , and the company will now extend these services to its customers .",2
"`` With this agreement , we can continue our good cooperationand at the same time release capital that has been tied up in ourmachinery operation .",2
"Net sales went up by 1 % year-on-year to EUR 29 million , affected by the business acquisitions , realized during the previous financial period , the effect of which was EUR 5.1 million on the review period .",2
21 October 2010 - Finnish fishing tackle company Rapala VMC Corp ( HEL : RAP1V ) said today its net profit rose to EUR18 .9 m for the first nine months of 2010 from EUR15 .1 m for the same period a year earlier .,2
"Growth was strongest in F-Secure 's operator ISPs , mobile operators and cable operators business .",2
"The Vuokatti unit will be developed to focus especially on the manufacture of prototypes , the ramp-up of new products and the demanding testing and after-sales services .",1
Rihko started to manage Raisio 's Benecol business in summer 2006 after heading tobacco company Altadis ' European operations .,1
"The start of the negotiations , relating to Glaston 's efficiency program , was announced in October .",1
Measures will be launched immediately and are due to be finalized in the first quarter of 2010 .,1
CS Cabot 's main consumers on the Czech and Slovak market are tires producers Barum Continental and Matador Continental .,1
"In 2010 , Sanoma Magazines expects net sales to be at the 2009 level .",1
"It is positive that the company it recruited Harri Koponen as CEO , according to Affarsvarlden .",1
Profit after taxes totaled EUR 12.1 mn .,1
"The podcast , sees Harple provide the low-down on GyPSii 's platform , which takes someone 's location and demographic information to produce a contextual index of the world around them .",1
Net sales fell by 5 % from the previous accounting period .,0
"In addition to fireplace exports , demand for lining stone has exceeded the level of the earlier part of the year and will continue to be clearly brisker for the remainder of the year .",2
Return on capital employed ROCE was a negative 2.3 % compared to 11.3 % in 2007 .,0
"Foodservice and consumer goods markets are served by approximately 13,000 people in 54 manufacturing units and several sales offices in 33 countries .",1
"mn , and pretax profit to EUR 46.4 mn from EUR 35.8 mn in the third quarter of 2006 .",2
"Paper companies were in negative territories , with Stora Enso R shedding 1.62 pct to 12.73 eur , UPM-Kymmene down 0.80 pct at 18.64 eur and M-real B 0.18 pct lower at 5.57 eur .",0
"`` The bond gathered subscriptions from some 400 investors and the issued amount can be considered substantial taking into account the main target group -- retail investors , '' Citycon CFO Eero Sihvonen said .",1
"The stock price rose 70.0 ores or 0.9 % to close at SEK77 .65 , ending a two-day streak of losses .",2
"Motorola Inc. of the United States came second with shipments of 217.4 million units for a 21.3 percent market share , followed by South Korea 's Samsung Electronics Co. with shipments of 118.0 million units for an 11.6 percent share .",1
"Finnish GeoSentric , a developer and provider of solutions , products , and technologies for location based services , has preliminary agreed on a EUR 6mn short-term funding with its leading investor .",2
The previous offer was 3.4 % of voting rights and 12.3 % of capital .,1
Otherwise the situation is under control .,1
Biohit already services many current Genesis customers and the customer base is expected to expand as a result of this agreement .,2
The new plant is planned to have an electricity generation capacity of up to 350 megawatts ( MW ) and the same heat generation capacity .,1
"Marathon now has a 4.6 percent stake in PLX , it said , according to Bloomberg .",1
"The fair value change of investment properties was EUR 15.8 mn , compared to EUR 22.9 mn in the third quarter of 2009 .",0
"The market share of Volkswagen passenger cars in Finland was 10.1 percent , Audi had a market share of 3.1 percent and Seat 's share was 0.9 percent .",1
"( ADP News ) - Feb 11 , 2009 - Finnish wood products technology supplier Raute Oyj ( HEL : RUTAV ) said today its net profit decreased to EUR 4.7 million ( USD 6.1 m ) for 2008 from EUR 6.6 million for 2007 .",0
"BasWare Invoice Processing , BasWare Contract Matching , BasWare Order Matching and BasWare KPI Reporting Tool are part of the BasWare 's Enterprise Purchase to Pay solution suite .",1
The first ship has been delayed and is estimated to be completed in spring 2010 .,0
We are very proud to be able to use this kind of innovative mobile service for voting in elections .,2
"Finnish electronics contract manufacturer Scanfil had net sales of EUR 52.2 mn in the first quarter of 2007 , down from EUR 60.1 mn a year before .",0
Market data and analytics are derived from primary and secondary research .,1
"Helsinki 19 May 2010 - Finnish company Lemminkainen Oyj ( HEL : LEM1S ) said today that it will construct an office building at Toolonlahti in downtown Helsinki , without disclosing financial details .",1
"The company 's profit before taxes fell to EUR 21.1 mn in the third quarter of 2008 , compared to EUR 35.8 mn in the corresponding period in 2007 .",0
Absolut Bank is exploring the possibility of further borrowing .,1
Consumption is forecast to grow by about 2 % .,2
To raise consumer awareness and encourage people to recycle their old mobile devices Nokia runs regular recycling campaigns around the world .,1
Finnish component supplier Componenta Corporation OMX Helsinki : CTH1V said on Monday 16 June that it is changing its pricing cycle due to the increase of raw material prices .,1
Finnish sports equipment company Amer Sports said it has decided to lay off 370 workers from its Salomon division in France .,0
The Finnish daily Kauppalehti surmises that Finnish supplier Rautaruukki has raised its prices above Aker 's comfort zone .,0
"Stora Enso 's business in North America has annual capacity of about 3 million tons and employs about 4,350 people .",1
"The cosmetics collection includes an eye shadow , face powder , lip gloss , mascara and accessories .",1
The share subscription period will expire on 30 September 2007 .,1
The tool is a patent pending design that allows consumers to lay out their entire project on a removable plate using multiple clear stamps of any kind .,1
"The new apartment block is going up very close to the city center , explained Chairman of the Board of AS YIT Ehitus Priit Sauk .",1
1 Block lamp Harri Koskinen 's light was introduced in 1996 and has been a bestseller ever since .,2
"This truly takes efficiency to new heights , '' Mr. Metso adds .",2
"Prothious Engineering ( www.prothious.com ) employs more than 1,000 and has a large portfolio of projects and an annual detailing capacity of more than 100,000 tonnes .",1
Finnish plastic pipe maker Uponor is selling its Irish and UK infrastructure businesses to private equity company 3i .,1
"In addition , MIDs are always online and enable full Internet browsing .",1
Niklas Skogster has been employed by the ABB Group in various positions concerning the development of operations .,1
Our superior customer centricity and expertise in digital services set us apart from our competitors .,2
"The mall is part of the Baltic Pearl development project in the city of St Petersburg , where Baltic Pearl CJSC , a subsidiary of Shanghai Foreign Joint Investment Company , is developing homes for 35,000 people .",1
"Founded in 2000 , BioView automates laboratory tests , especially diagnostic tests for cancer .",1
"The decision to sell a share in Lenenergo was reached in line with Fortum 's strategic plans to invest mainly in generating assets in Russia , while Lenenergo is a grid company , the press release said .",2
"The restructuring creates a more efficient organization with increased operational focus and stable profitability , and leads to more efficient production , said Bo Annvik , head of Specialty Stainless .",2
Shareholders of Rakvere Lihakombinaat decided in favor of the buyout of minority shares in mid-July .,2
"The outsourced Scan and Capture solutions transfer paper invoices into electronic format , and Basware Business Transactions Service allows the customer to receive and send invoices in an electronic format .",1
"Country : , Finland Sector : Construction-Real Estate Target : Pohjolan Design-Talo Oy Buyer : CapMan Oyj Vendor : Ruukki Group Oyj Deal size in USD : 102.6 m Type : Divestment Status : Agreed",1
"In this case , the effect would be negative in Finland .",0
"According to Honka Japan 's Managing Director Marko Saarelainen , Honkarakenne exports about 200 ready made log houses to Japan a year .",1
Operating profit excluding restructuring costs grew to EUR 44.5 million from EUR 31.7 million while operating profit including restructuring costs showed even larger growth to EUR 38.5 million from EUR 7.4 million .,2
"The devices would be launched in the Chinese market in late 2006 , the company said .",1
The mill is concentrating on getting the supercalendered line running satisfactorily before restarting its older newsprint line .,1
"A purchase agreement for 7,200 tons of gasoline with delivery at the Hamina terminal , Finland , was signed with Neste Oil OYj at the average Platts index for this September plus eight US dollars per month .",2
"To prove the efficiency of the China Mobile system , Rod Baber , an English climber , climbed to the Mount Everest summit and successfully made calls .",2
"Tiimari , the Finnish retailer , reported to have geenrated quarterly revenues totalling EUR 1.3 mn in the 4th quarter 2009 , up from EUR 0.3 mn loss in 2008 .",2
The company has 120 employees and annual sales of approximately EUR16m .,1
"Cost savings will then rise to some 20 mln eur a year from 2007 , OKO said .",2
Comparable operating profit decreased to EUR 13.8 mn from EUR 17.1 mn in the corresponding period in 2005 .,0
Scanfil issued a profit warning on 10 April 2006 .,0
The properties were purchased from Swedish private equity real estate firm Niam and Goldman Sachs ' Whitehall Street Real Estate Funds .,1
Pharmaceuticals - Belgium This brand-new market analysis gives a clear overview of the actual situation and future outlook of the pharmaceutical market in Belgium .,1
"Neste Oil said that while results from its biomass to 3 liquids demonstration plant , commissioned in June 2009 , have been promising , no decision on a commercial plant has been taken .",1
The goal is significant expansion in Finland and in the northern Baltic region .,1
"In this way , the industry 's starting point has been the consumers ' needs .",1
Our standardised services have met with a positive reception among our customers as well as at Itella .,2
"The major breweries increased their domestic beer sales by 4.5 per cent last year , to 256.88 million litres from 245.92 million litres in 2004 .",2
"More than 200 volunteers from Fiskars , the garden tool company , Home Depot ( NYSE : HD ) , the city of Baltimore and the neighborhood are working right now to create a garden sanctuary - in a single day .",2
Aldata noted that its Voice Supply Chain Technology approach enables VDW to integrate with warehouse management systems .,1
Finnish Cargotec 's Kalmar has received a significant order from the US Department of Defense .,2
The company says it is difficult to estimate the market situation for the whole year 2009 .,1
"The 250 sq m 2,691 sq ft store in Copenhagen 's premier shopping district was inaugurated today , further strengthening the company 's presence in Nordic capitals .",2
M2 Communications disclaims all liability for information provided within information on on the world wide web .,1
"Tampere Science Parks is a Finnish company that owns , leases and builds office properties and it specialises in facilities for technology-oriented businesses .",1
"The development of the technological park , which will specialize in telecommunications and information technologies , is part of the state program for the formation of technoparks for hi-tech sectors in Russia .",1
The dismissed staff members will now take the matter to court unless it can be settled outside .,0
"+£lemiste City is the environment for a knowledge-based economy providing work for 3,300 people with the total turnover of its companies amounting to EEK 5.4 bn , '' said +£lo P+ñrnits , chairman of the supervisory board of +£lemiste City and Mainor .",1
"Finnish Metso Paper has won an order to supply an uncoated fine paper machine to MCC Paper Yinhe , in China .",2
Metso will supply the equipment for two process lines at Northland Resources ' new Kaunisvaara iron ore project in Sweden which exploits Tapuli and Sahavaara iron ore deposits .,2
"After the transaction , Danske Bank becomes an equal player with Nordic bank group Nordea in the Nordic countries .",1
"`` I 'm happy with the outcome , '' Sneed said after the hearing .",2
"Finnish silicon wafers maker Okmetic Oyj said on September 17 , 2008 that it will invest a total of 15 mln euro $ 21.3 mln in its sensor wafer business .",1
"A total of 131000 Talvivaara Mining Company Plc 's new shares were subscribed for during the period between May 1 , 2010 and June 30 , 2010 under the company 's stock option rights 2007A .",1
"Consolidated operating profit excluding one-off items was EUR 30.6 mn , up from EUR 29.6 mn a year earlier .",2
The bank sees a potential for Getinge share to rise .,2
"( ADP News ) - Dec 11 , 2008 - Finnish power-supply solutions provider Efore Oyj ( OMX : EFO1V ) said yesterday it opened a technology research and development ( R&D ) laboratory at Helsinki University of Technology .",1
"Cramo is a service company specialising in construction machinery and equipment rental and rental-related services , as well as the rental and sale of modular space .",1
The orders also include a few high-power drives for the control of seismic compressors .,1
The adjustment measures will be carried out in phases to secure the delivery capability .,1
"Operating profit was EUR -0.1 mn , down from EUR 1.3 mn .",0
"The expanded agreement covers the sale , marketing and distribution of Benefon 's navigation and locator devices in China .",1
"After Chuck Smith was laid off on May 30 from his $ 90,000 housing consultant job , he and his wife had to cut spending in half for their family of six , having to rely on his wife 's income -- about the same as his -- alone .",0
E 's building system service had revenue of EUR 355 mln in 2007 .,1
In July it and Quadriga Capital sold their Lewa GmbH pump-making business to Japan 's Nikkiso Co. .,1
Incap Contract Manufacturing Services Private Limited has inked agreements with six new customers in India .,2
"A corresponding increase of 85,432.50 euros in Ahlstrom 's share capital has been entered in the Trade Register today .",1
"Kesko has about 2,000 stores engaged in chain operations in the Nordic and Baltic countries , Russia , and Belarus .",1
ND = Not disclosed .,1
"Shares in Royal and Sun Alliance continued to slide back from a 12-month high of 172p last month , after a potential suitor ruled itself out of a takeover bid .",0
RIM has revamped the BlackBerry OS UI with the 6.0 version of the mobile operating system .,1
"New Chairman of the Board of Directors , Mr Chaim Katzman , will give a presentation and answer questions .",1
"In January-June 2010 , diluted loss per share stood at EUR0 .3 versus EUR0 .1 in the first half of 2009 .",0
The fair value of the company 's investment properties grew to EUR 2.803 billion at the end of March 2009 from EUR 2.691 million a year ago .,2
Nokia and Elisa will work together to bring a superior mobile gaming experience for Elisa customers .,2
"Fiskars , a 360-year-old global business best known for its orange-handled scissors , expects to derive synergies of EUR5 million a year by consolidating certain parts of the housewares division where the two compete .",2
Sponda Plc 's Annual General Meeting decided on 23 March 2005 to establish a Shareholders ' Nomination Committee to prepare proposals for the Annual General Meeting in 2006 on the composition of the Board of Directors and their remuneration .,1
"Initially , the company said a maximum of 15 people would be made redundant in the parent company and about 15 in its subsidiaries .",0
The parties have agreed not to disclose the transaction value .,1
The increase in capital stock has been registered in the Finnish Trade Register on 20 November 2006 .,2
"Compagnie de Financement Foncier - Is to issue a benchmark , 10 year covered deal in Euros .",1
"Founded in 1994 , the company uses a six-step , time-focused , collaborative project approach to improve financial institutions ' revenue streams .",1
"In December alone , the members of the Lithuanian Brewers ' Association sold a total of 20.3 million liters of beer , an increase of 1.9 percent from the sales of 19.92 million liters in December 2004 .",2
"This is Done Logistics ' largest order in Norway , the diversified group said .",2
"Nokia will continue to invest in future development of Qt for the benefit of all users , both Commercial and LGPL .",2
"Pre-tax profit totaled EUR 397.4 mn , up from EUR 164.7 mn .",2
Currently Alfred A Palmberg is putting the finishing touches to one of Finland 's biggest ever re-plumbing and bathroom refurbishment projects also in the district of Vuosaari .,1
"Laavainen said Benecol was well known in Europe and the US , where it had been in the market for 15 years .",1
"Huhtamaki 's rigid plastic consumer goods operations , which are mainly in Europe , will be separated into a new reporting segment as of 1 January 2009 .",1
"Takoma will carry out the transaction by acquiring the entire share capital of Moventas Parkano Oy , which runs the factory in Parkano , southern Finland .",1
"Editor 's note : Grimaldi generated a 1.7 bln euro ( $ 2.182 bln ) turnover in 2005 , ANSA reported on May 29 , 2006 .",1
"CapMan has six investment areas CapMan Buyout , CapMan Technology , CapMan Life Science , CapMan Russia , CapMan Public Market and CapMan Real Estate , and each of them has a dedicated team and funds .",1
"Aldata Solution Oyj Bertrand Sciard President and CEO Further information : Aldata Solution Oyj , Bertrand Sciard , President and CEO , tel. +33 1 46 48 28 00 Aldata 100 % Retail-Wholesale At Aldata 100 % of our business is dedicated to retail and wholesale business improvement .",1
"In 2009 , KONE had annual net sales of EUR 4.7 billion and approximately 34,000 employees .",1
A broad range of connectivity options including 3G - HSPA and Wi-Fi gives consumers high speed access to the Internet .,1
"Nokia , which has a strong track record in the lower-end handset market , said in July its touch-screen offering would come this year and be cheaper than rival models in order to tap into a higher-volume market .",2
"ALEXANDRIA , Va. , March 28 -- Pertti Salmi and Hanna Vuolteenaho , both of Oulu , Finland , and Sami Viitasaari of Ii , Finland , have developed an ornamental design for a handset , the U.S. Patent & Trademark Office announced .",1
"Sales in Finland decreased by 2.0 % , and international sales decreased by 9.3 % in terms of euros , and by 15.1 % in terms of local currencies .",0
"Finnish financial group Aktia reports operating profit of EUR 44.4 mn in January-September 2009 , up from EUR 37.3 mn in the corresponding period in 2008 .",2
Altogether Finnair has canceled over 500 flights because of the strike .,0
NASDAQ-listed Yahoo Inc has introduced a new service that enables Malaysians to take their favorite Internet content and services with them on their mobile phones .,2
"The order comprises four ball mills , which will be organized in two different streams for treating ore in the Pilanesberg platinum mine .",1
The aforementioned shareholders have informed that they will propose to the Annual General Meeting that the number of members of the Board of Directors shall be five and that besides the present members of the Board of Directors also Mr Lassi Noponen shall be elected to the Board of Directors .,1
Rubin says he expects Capman to announce 1-2 additional transactions in 2009 .,1
He said he has been losing five families a month to the economy as many make alternative arrangements to save money .,0
"Aho is proud of the company 's new product , Lordi-Cola .",1
"In the survey , Goodyear is the third most valued tyre brand , followed by Continental and Bridgestone .",1
"ADP News - Nov 13 , 2008 - Finnish printed circuit board PCB maker Aspocomp Group Oyj OMX : ACG1V said today that its net loss narrowed to EUR 2 million USD 2.5 m in the first nine months of 2008 from EUR 57",2
European traffic grew nearly 30 % .,2
SAMPO PLC Jarmo Salonen Head of Investor Relations and Group Communications tel. +358 10 516 0030 Distribution : NASDAQ OMX Helsinki The principal media Financial Supervisory Authority www.sampo.com This announcement is distributed by Thomson Reuters on behalf of Thomson Reuters clients .,1
"Among other industrial stocks , Metso added 0.53 pct to 40.04 eur , Wartsila B was down 0.77 pct at 47.87 eur and Rautaruukki K was 1.08 pct lower at 37.56 eur .",1
"Net sales totaled EUR 93.6 mn , up from EUR 93.2 mn in the corresponding period in 2005 .",2
"Finnish construction company YIT Oyj said on November 13 , 2007 it won a 70 mln euro $ 102.8 mln contract to construct the new office building for local property company Tapiola Real Estate Oy .",2
"We look forward to take part in the future development of the company , '' says Tomas Billing , President of Nordstjernan .",1
You 're not alone .,1
"Raute posted a net profit of 1.8 mln euro $ 2.6 mln for the third quarter of 2007 , compared to a net loss of 299,000 euro $ 430,000 for the corresponding period of 2006 .",2
Swiss franc surged to record 1.42 euros after it reported sharpest gain in manufacturing in March .,2
Some of the lay-offs will be implemented using part-time employment contracts .,1
"The antibody , administered at repeated doses of up to 8 mg-kg , was generally well tolerated , and the pharmacokinetic characteristics of BTT-1023 in psoriasis patients were consistent with those observed in a previously completed study in rheumatoid arthritis RA patients .",1
The company will use the assets for strengthening its balance sheet and financial position .,2
"The Australian company Mirabela Nickel has awarded Outokumpu Technology a contract for grinding technology for its nickel sulfide project in Bahia State , Brazil .",2
"Loudeye Corp. , up $ 2.56 at $ 4.33 Nokia Corp. , down 10 cents at $ 19.46 Nokia agreed to buy the digital music distributor for $ 60 million .",1
CDLI highlights the companies that provided the most comprehensive response to the Carbon Disclosure Project CDP information request .,2
"The offer price is $ 35 million , including cash of $ 10 million as net debt assumption of FACE , and $ 20 million worth of Cencorp shares to be issued to Savcor .",1
"Under the deal , Know IT will pay SEK90m ( USD12 .8 m-EUR8 .6 m ) in cash and stock .",1
"Finnish metal components supplier Componenta on December 26 , 2006 applied for approval with the Turkish Capital Markets Board to launch a mandatory offer for the remaining shares in iron and aluminium castings producer Doktas Dokumculuk .",1
"The firm 's services include copying , printing , CAD-modelling , digital printing , scanning , SokoPro project bank and courier services .",1
"Ragutis , which is controlled by the Finnish brewery , reported a 5.4-per-cent rise in beer sales to 10.44 million litres and held an 11.09-per-cent market share .",2
"Kone 's factory located at Ayanambakkam , a suburb to the west of Chennai , is a fully integrated facility which gives it the capability to address costs .",2
"At the seminar , a memorandum of understanding on co-operation was signed between the Finnish Kemira Company and Vietnam National Chemical Corporation .",2
"Weber convinced his friend Ray Ostrom , who owned a Lake Street sporting goods store , to sell the lures .",1
`` Serving customers locally is one of the cornerstones of customer focus for us .,1
"Excluding non-recurring items , pre-tax profit surged 45 % to EUR80m .",2
Raffles Equities Ltd became a substantial holder in Archer Exploration Ltd on January 12 with 11.7 million shares ( 18.2 pc ) .,1
Finnish waste management and cleaning group Lassila & Tikanoja Oyj ( L&T ) net profit went down to 32.2 mln euro ( $ 47.7 mln ) for 2007 from 35.3 mln euro ( $ 52.3 mln ) for 2006 .,0
Operating profit decreased to EUR 16mn from EUR 21.1 mn in 2008 .,0
Net profit in the period in 2009 was ( EURO ) 29 million .,1
"Risto Raty , Tekla 's executive vice president , said that Tekla Structures and ArchiCAD will cover the entire design and documentation workflow throughout a construction project .",1
"ALEXANDRIA , Va. , Jan. 9 -- United States Patent no. 7,862,685 , issued on Jan. 4 , was assigned to Kemira Chemicals Inc. ( Marietta , Ga. ) .",1
"Cargotec 's sales totalled EUR 3.4 billion in 2008 and it employs approximately 11,000 people .",1
"A state program has been worked out , legal provisions have been developed , and rules and normative documents have been specified for the functioning of a technological park .",1
"The business is organised , as of February 1 , 2011 , in a way that production of design services is combined into one entity , Etteplan Operations .",1
Stora Enso Oyj said its second-quarter result would fall by half compared with the same period in 2007 .,0
"GUANGDONG , October 26 , SinoCast -- Nokia Telecommunications Dongguan branch entered into a letter of intent to open a Nokia Class in Qingyuan Polytechnic , Qingyuan City of Guangdong Province .",1
The company will be part of Teleste 's Video and Broadband Solutions business area .,1
"The maximum grade of the veneer yield is calculated , based on the dimensions and grades of the veneer products , as well as by iterating the places of the peeling axes and simulating the peeling process .",1
The value of the order is USD 2.3 mn .,1
"The contract covers HDO platform , AC800 and CXE880 optical Fttb nodes designed to increase the forward and return path capacity of the transmission networks .",2
Finnish operator Elisa and Aker Yards have signed a long-term service deal through which Elisa will deliver all necessary voice and data services for Aker Yards in Finland .,2
The amendment will not incur additional costs .,1
"Insurer Axa ( PAR : CS ) slid by 5.35 % to EUR 14.15 , after Citigroup and ING slashed their targets on the stock .",0
"According to Finnair Technical Services , the measure is above all due to the employment situation .",1
"Body ES Vostok also owns stakes in power sales companies MosenergosbytBody ( RTS : MSSB ) ( 50.9 % ) , Altaienergosbyt ( 100 % ) , Saratovenergo ( RTS : SARE ) Body ( 48.36 % ) and Tambov Power Sales Company ( RTS : TASB ) ( 49.01 % ) , all ofBodywhich it received from the distribution balance .",1
The announced restructuring will significantly decrease the Company 's indebtedness .,2
The employee negotiations are to address measures needed to adjust the operations to the present production situation .,1
"For the full 2010 the company expects its net sales and operating result to improve from the previous year , saying that a positive operating result and its amount will depend on the order intake by the end of the summer .",2
"`` They would invest not only in the physical infrastructure , but would also provide know-how for managing and developing science and technology parks , '' said Sunrise Valley director Andrius Bagdonas .",2
"Net cash from operating activities was a negative EUR 0.3 mn , compared to EUR 30.9 mn in 2009 .",0
Net sales of the Lehdentekijat unit was approximately EUR 14 million in 2007 and it had 70 employees .,1
GenVec is a biopharmaceutical company developing novel therapeutic drugs and vaccines .,1
We are now taking Marimekko there on a distinctly more significant scale .,1
The GeoSolutions team further provides an intriguing new technology combining GPS and Mobile-based technologies together with Internet-based social networking .,1
"Finnish IT consultancy Satama Interactive Oyj posted a net profit of 1.4 mln euro $ 2.0 mln for the first nine months of 2007 , compared to a net loss of 462,000 euro $ 664,000 for the same period of 2006 .",2
"May 29 , 2010 ( CompaniesandMarkets.com delivered by Newstex ) -- This report provides key data and information on the meat , fish and poultry market in Finland .",1
"The Lemminkainen Group , headquartered in Helsinki , Finland , operates in all sectors of the construction industry : civil engineering , building contracting , technical building services and the building materials industry .",1
The through service of FESCO is a telling example of strengthening the relationship between logistics companies and operators at the international level .,2
"For Teleste , the acquisition marks an entry into services business in a market where it has long been an established and significant supplier of products .",2
The total value of the deliveries is some EUR65m .,1
Sales have risen in other export markets .,2
Finnish Bank of +àland reports its operating profit rose to EUR 21.3 mn in the second quarter of 2009 from EUR 6.1 mn in the corresponding period in 2008 .,2
"H1 '08 H1 '07 Q2 '08 Q2 '07 in mln euro , unless otherwise stated Net sales 386 328.6 201 160.7 Operating profit 46.3 35.8 23.2 9.5 Pre-tax profit 33.6 26.9 18.7 5.1 Net profit 25.1 25.4 14 4.0 EPS in euro 2.20 2.36 1.24 0.38 1.0 euro = $ 1.60 www.componenta.com",1
"Lead production , in turn , should increase to 60,000 tonnes through 2009 in what would be a twofold increase from current capacity levels , Zahariev said .",2
"A Helsinki : ELIiV today reported EPS of EUR1 .13 for 2009 , an increase over EPS of EUR1 .12 in 2008 .",2
"To ensure low operational cost for radio networks , the BTS modules can be configured , software upgraded and diagnosed remotely .",2
"Cargotec Corporation , Press Release , August 26 , 2008 at 10 a.m. Finnish time Cargotec 's MacGREGOR business area providing marine cargo handling and offshore load handling solutions has received significant offshore crane retrofit order .",2
It will focus on improving its profitability next year by streamlining operations .,2
The impact of Cableway to Teleste 's net sales in 2009 is estimated to be EUR 4 million .,1
Affecto has participated in the program for the development of the Norwegian pension system since 2007 .,1
Elcoteq SE is listed on the Nasdaq OMX Helsinki Ltd. .,1
"Operating loss totalled EUR 5.2 mn , compared to a loss of EUR 3.4 mn in the corresponding period in 2008-2009 .",0
The operating margin of Aker Yards Cruise & Ferries division went down from 8.3 % to 6.4 % in the first quarter of 2007 .,0
"Stockholm-based Nordea Bank ( STO : NDA ) said yesterday it had hired Casper von Koskull to lead its corporate merchant banking and capital markets unit , effective 1 September .",1
Pohjola could increase its stake to 45 % in 2013 .,1
"Cargotec 's share capital after the increase totals 64,046,460 euros .",1
"Complete name of shareholder : Otto Henrik Bernhard Nyberg For further information , please contact Maija-Liisa Friman , CEO , tel. +358 9 7597 0711 .",1
"In addition , we will launch a versatile online service to complete the traditional printed newspaper , Mr. Valkama says .",1
"After the reporting period , BioTie North American licensing partner Somaxon Pharmaceuticals announced positive results with nalmefene in a pilot Phase 2 clinical trial for smoking cessation .",2
"Most of the growth in beer consumption took place in the Far East , Latin America and Africa .",1
All Amer Sports companies develop and manufacture technically advanced products that improve the performance of active sports participants .,1
"The Inventors are Ridge Justin , Bao Yiliang and Karczewicz Marta .",1
"Neste Oil Corp. has signed long-term procurement contracts with Honkajoki Oy and Findest Protein Oy , both owned by Finnish food manufacturers , for the supply of animal fat for biodiesel production at Neste 's 200,000 b-cd Porvoo , Finland , refinery .",2
"Patrick Jeambar will also continue being responsible for Innovation and Health , safety and environment HSEA functions of Ahlstrom Corporation .",1
The bridge will be 1.2 km long and is located between Anasmotet by the road E20 and the new traffic junction in Marieholm by the road E45 .,1
"The total investment in the Vantaa plant extension will amount to around 10 million euro , and Okmetic 's share of the investments will be worth around 2.7 million .",1
Tekla Group 's net sales for 2006 were approximately 50 million euros and operating result 13.6 million euros .,1
Nokia Siemens Networks has struggled to make a profit in the past two years .,0
No service pricing details were disclosed .,1
"The largest construction company in Finland , YIT Corporation , is to acquire 70 % of the shares in the Slovak construction company Reding Bratislava .",1
"` Patja has worked well for us for more than a decade , and Fujitsu 's new bid was competitive .",1
"The first phase of the logistics complex envisages the completion of some 70,000 sq m of logistics premises and the gatehouse building in November 2008 .",1
"`` Subscribers can browse free numbers with their handset , and select the numbers , packages and services they prefer when activating the phone .",1
s already good position in the technical building services market in Ostrobothnia .,1
"There has been some recovery of the base metals prices and increased demand for metals in China , however .",2
This allows devices such as mobile phones to become a few millimetres thinner .,1
Philips was not available to comment on the report .,1
"`` Soon after , the collisions started . ''",1
"Rinkuskiai 's beer sales fell by 6.5 per cent to 4.16 million litres , while Kauno Alus ' beer sales jumped by 6.9 per cent to 2.48 million litres .",1
"Investors will continue being interested in the company 's share although it is not quite cheap , Affarsvarlden said .",2
The company is presently examining whether the project would be financially feasible .,1
Finnish KCI Konecranes has raised its net sales growth estimate for 2006 from over 25 % to over 35 % .,2
"Amer Sports divests an industrial site in Rumilly , France -  This announcement is distributed by Thomson Reuters on behalf of Thomson Reuters clients .",1
"Technopolis and the St. Petersburg government signed a cooperation memorandum in October 2005 to set up a techno-park in the Neudorf production zone in the village of Strelny , in the St. Petersburg suburbs .",2
