sentences,label
slowly adding some $fio here but gotta be careful. this will be one of biggest winners in 2012,0.459
$trx http://stks.co/1kkk long setup. macd cross.,0.438
i am not optimistic about $amzn both fundementals and charts look like poopoo this quarter.,-0.506
$grpn might be selling off ahead of $p earnings...,-0.202
$iaci http://stks.co/tju looks good on the weekly chart.,0.379
"$pcln back over ""up"" trendline from 10/4",0.308
rt @robbielolz $nflx a close above here is looking good for the bulls. will hold my positions to see where we close at. keep buying here.,0.578
profit taking on $aapl this morning?  that has to be the pressure on the stock.  i'm still bullish on $aapl.,0.222
$skx turning. coming from far could go far. stock price implies you pay nothing for the business,0.298
$mos looking good here at $58.65. calls are active in this month and weekly,0.492
"sold out $tza 45 $put (down $1), which were hedging my 45 $call. letting the calls ride solo now.",0.385
$ymi http://stks.co/xyf long setup. closed above the 20ma. macd cross. november catalyst.,0.444
$tzoo a close above 28.64 and we are ready to rock and roll,0.308
"i'm liking the price action in $swks, currently @21.80 ; my target: 24.00+ before year end.",0.603
$wft closng higher from here,0.48
$sppi..building rs. sweet. i want this to break a new 52week. the earnings growth justifies way higher,0.601
$spy bull move ended waiting for next setup,-0.204
double bottom with handle buy point of 29.51 $ip http://chart.ly/akvujxh,0.446
"$gld http://stks.co/jr8 daily chart - though rsi and stoch. point at a possible move up, there's a lot of resistance.",0.176
$acom http://stks.co/1g6x downside breakout looks to be coming soon.,-0.536
$zagg getting ready...target $15 plus on a close over $13.50 on better than avg daily volume http://chart.ly/lha44tn,0.385
volatility squeeze in $aapl. i hope it gets resolved to the upside,0.042
"still short $lng from $11.70 area...next stop could be down through $9.00. someone slammed it hard with 230,000 shs this am! more to follow",-0.543
covered my small $mww short @ 7.99 for a .16 loss. flat on the day. all cash now.,0.348
that bearish outside day tuesday is significant. 200 day resistance still intact. just my opinion $sds http://chart.ly/2bey48t,-0.39
"rt fitzstock2004: $iyt http://stks.co/1nbf the transports always lead  the way, and  they broke dt  line  1st, macd cross,  bull  flag=",0.594
$dug weekly stochastics finally starting to turn up after long consolidation. buying here.,0.702
$spy don't hang your bull hat yet. next week we will pop higher on qe3 hope on back of fed's 2 day meeting.,0.412
longed $amzn 300 @ 189.82,0.65
"$slw is down, but weekly $34 calls (-28.95%), .23 x .25 have 321 volume. worth a chance here, jmho: http://stks.co/1qfg",0.145
"$hsc receives 7-year, $50m contract at new saudi arabian steel mill",0.497
"reuters: green mountain revenue misses, shares plunge http://stks.co/13mw > $gmcr prints 43.80, market in a foul mood, bad day to disappoint",-0.668
"$xlf http://stks.co/1kj9 bounced off target buy area, bought $skf as a hedge. watch 50ma's slope",-0.299
$vxx adding to position here !,0.685
$gps gap september comparable store sales -4%,-0.441
double bottom with handle buy point of 56.49 $wmt http://chart.ly/ml857v3,0.654
$ma http://stks.co/1cyn continues to consolidate / base here,0.148
nasdaq sets up for breakout part ii | via @allstarcharts http://stks.co/15nv  $goog $amzn $qcom,0.396
$isrg trading at all-time high after strong earnings report with 4 days of short interest.,0.729
$utsi http://stks.co/15ur long setup. reported very good earnings.,0.63
here come the shorts marchin' in.  $gmcr.  lovin' it!,-0.522
$aapl news is becoming very bullish again http://stks.co/tmu,0.526
stole my tweet. really wouldn't be surprised if we took out 423 and pinned around it rt @totalguru we could possibly even see425 today $aapl,0.142
"$dpz broke out now of his bull flag channel and make new highs, but volume is very poor",0.369
$es_f. nice little cup-and-handle shaping up on the 15-minute. end-of-day $spy $spx favours a good day for the index. will we see a gap open,0.341
short more $faz for all who don't know that means markets will tank now :-p,-0.605
rt @alphatrends vmarkets are still acting weak http://stks.co/1agn  $spy $qqq $xlf $smh $iwm,-0.443
"fbr capital reiterated ""outperform"" rating on $brcm with a price target of $45.00 on friday.",0.521
$eln longs...congrats...another hod,0.445
"casinos red before the bell: $lvs -0.75%, $wynn -0.47%, $wynn -0.47% > unusual comibinations of what's running, what's red before the bell",-0.424
$tspt  long 8.00,0.499
$skh http://stks.co/163e long setup. watch for continuation and volume expansion here. hot sector.,0.622
looks like its booking a one way ticket to its 40 week ma near 50. losing 10 week here $lulu http://chart.ly/7xb9h9b,0.006
"rt @joemccann the correleation between the dollar index and $spy is simply amazing. $dx finds support, $spy retreats like clockwork",-0.312
$fio won't stay down,0.376
$aapl http://stks.co/1ldx clearing this descending trend line / buy area now,0.529
$rost nov 90 calls 2.08 .. go long until exp imo ! unless europeans keeps f'ing around !,0.414
i-grid shows $dia capped for the long term at range of 123.40- 124.77;any rally beyond today's levels or into this range leads to meltdown.,-0.172
"whats up with $lulu?  numbers looked good, not great, but good.  i think conference call will instill confidence.",0.011
"$zsl looking very weak, could be a good short setup.",-0.614
"@dlerch lol! $fmcn back under $17, darn those shorts! no chit sherlock!",-0.483
$mcp rolling over for a new intraday low. bottom pickers continue to get destroyed,-0.607
"ace limited, which has a 17 year dividend growth streak, plans a 33% dividend hike: http://stks.co/1bue $ace",0.455
"$aapl 50dma turned up, macd crossover a half-a-hair away on the weekly. eod break out likely.",0.498
$cien http://stks.co/dzu cien seems to have broken out of a major horizontal resistance. targets $14.35.,0.345
like $t for a breakout long as well. getting through the 100 and 200 ma could see it run.,0.655
my $dwa play up 6% today. i'm still skeptical. will take profits. not a time cheer,-0.088
$ibm staying strong,0.532
"$sina even though the ""report"" is untrue and has been proven unture, the damage is done. no one wants to touch it now",-0.55
"$amzn 4 period rsi is down at 20, just read connors book on trading strategies",0.221
$siga bid for reargument denied by judge,-0.354
"rt @andrewnyquist chartology: yahoo: http://stks.co/1itr $yhoo  crazy looking chart, but nearing breakout resistance line...",0.194
$cern - consolidating above 50 & 200 ma - nice long entry here w stop below 10 ma - targeting $70 area,0.443
$spy http://stks.co/1mir we're holding above wednesday and thursday closes. i'm leaning bullish. small postions. waiting.,0.316
$rdc rowan expands share repurchase program to $150 million,0.285
$nvda sideways,0.0
$hitk  resuming advance into new historical highs.,0.68
held its recent double bottom buy point of 56.57 almost to the penny today $wmt http://chart.ly/6nosp5q,0.198
$goog breakout very likely medium target $700+ http://stks.co/1lpz http://chart.ly/lgb94rr,0.518
rt @street_insider the steve jobs effect? apple $aapl first day iphone 4s sales were off the charts http://stks.co/yye,0.539
"that was quick, out $fio 21.35, market tanking, scaling down longs now",-0.497
$spy extreme win today - 2 cents above 2009  low on 10-year and $spy up 2 percent - life is a bowl of cherries - great short setting up $$,-0.406
$lnt increases annual dividend target to $1.80/share from $1.70/share,0.324
"rt @cash_cow $tlt still has a rising rsi & macd, all this bond buying is signaling some bad moves for the market. $spy $uup",-0.361
$idcc - $89 share total value of company after crunching #'s. the 4g technology is their diamond in the rough.,0.477
$mako hanging in well today. still in a basing pattern. have eyes on it,0.195
"rt @stockdemons think shorting here into close might be play, $spy - high beta reversing..looks worth a shot",-0.469
$tza is a rocket ship!!!,0.807
"lots of metal stocks look like a 5-10% run awaits. long $ssri,$paas and $nem but most high quality names should go if metal prices cooperate",0.394
$vxx starting to creep up while $spy sits near hod ...,0.141
$aapl i'm sure those short are holding their breath hoping for a miracle. lol,0.411
vivus $vvus bear raid in effect. stock down 12%,-0.57
looks like a big feb 18-22 $put spread on $cree.  last quarter 0% yoy rev growth trading @ 24x earnings.  i may try a short.,-0.352
$yelp wayyy overvalued right now imo. should be trading single digits. may take a short pos. into earnings. near term target 18 ......,-0.451
$renn topping tail 5 min. chart at 7.31 short from here.,-0.64
$spy weak close,-0.297
$znga http://stks.co/3rdu looking for a test at 9.25 resistance point. cc @ cfrazierjr @fletchtrade #traders,0.248
$efut hod  posted buy pm at $4.40,0.354
$aapl short some 592.49,-0.464
"@soullor the regular scrappy q $swy usually presents. sales weak, margins down, debt still way up.",-0.515
"$aapl taking out the shorts here, a punishing reminder not to spear the  strongest in the herd.",0.144
think $fms will challendge 200-ema in not distant future.   look at yesterday's volume,0.221
"rt @dasan @tmtanalyst ...since $aapl mastered their supply chain // in cornering nand, apple mastered everyone's supply chain!",0.461
$prlb hanging tough in down market due to analyst upgrades last week. up almost 3%.,0.394
$amrn it's accumulating. i think buy now or hold your peace. this should go up today/tomorrow.,0.469
$axp looking for continuation with volume increase http://stks.co/c8sr,0.308
mt @theacsman amazing seeing everyone suddenly touting $msft. long been favorite covered call & double dip dividend play.,0.444
surprising to see $jwn and $sks sales numbers still holding up so well. i guess the high end might not be a concern after all.,0.315
"ap: caterpillar posts 60 percent jump in 4q profit on steep global sales increase, tops wall st. view > $cat",0.586
$spy long 1/2 position 137.89,0.428
$aapl price momentum weakening going into the close.,-0.22
rt @acinvestorblog $aapl still on track for $500,0.166
$spy $mitk fast 56pc dive http://stks.co/3ffn $$,-0.26
$bac in for swing trade  looks like want go up,0.433
$pcln runs into the 50sma on the acquisition news,0.486
$aapl short term fund/redemption liquidations.. should have the channel cleared soon and on solid footing. $520 is new floor come july! :),-0.175
$wynn big bounce,0.61
$gld http://stks.co/44ow on closer inspection.  resistance 10 points north at 200d and downward trendline. chart 2 of 2.,-0.143
$aapl wants lower. up waves getting smaller on the 2 min,-0.37
short interest increases yet again http://stks.co/e19h via @ryandetrick $spy,-0.342
"$qcor a little pullback is fine but if this erases all of todays gains, i cannot believe the manipulation its capable of",-0.169
$wmt bullish with macd crossover with rsi and sto going up - above 73.4$ ma50 res. could run http://stks.co/ggcq,0.574
rival companies $gwr and watco eyeing $ra w take-over interest.  http://stks.co/o0xy,0.396
$aapl 620 resistance area,-0.025
what is up with $hk..... from jan to now it's been a sinking ship...,-0.573
"$wgo's bod was right to reject the offer. that company is low because of the economy, not because of any type of mismanagement or anything.",0.076
i'm no professional anal-yst but i do put my $ where my mouth is. $aapl will do $575 b4 yr.endÃ¢â‚¬â€that's another hun from here.long leaps =^.^=,0.579
"$aapl bounce right now has no vol, more vol when it slid",0.19
"$lulu http://stks.co/o17i bounced off support early in week - now indicators turning up (rsi, macd, smi) worth a look",0.351
$nihd insiders got this one wrong. looking for bottom. rsi under 30,-0.202
$aapl long 630.91,0.512
"it's a bad idea to make 5 min predictions based on faith: rt @dandyduct $aapl sell signal hit at 584, it will go down for the next 5 min",-0.445
$kcg bot at 2.24,0.384
$hznp havent seen vol like this since the runup. lets see one more dip to 2.0x,-0.274
pretty steady accumulation off support today.  purdy. $agu,0.464
out of shorts $altr at 38.85 with loss,0.372
"$gmcr with the way this has been acting, it may fall to 65 today, horrible action since it hit 70 yesterday",-0.51
$ebay had a nice breakout of the recent consolidation. congrats to those who had it. http://stks.co/2tad,0.452
"$sds +1.46% 15.32, picking up some speed. may 16 calls now +35% .19: http://stks.co/3eik, next week $16 calls .11c: http://stks.co/3eil",0.41
"$aapl aapl: gundlach slams ipad mini, sees downside to $425. http://stks.co/bdqv",-0.325
$aapl aug 645 calls +550% .67c: http://stks.co/i9t3,0.553
"went long on this $cog, will see 70's again me thinks",0.574
$aapl nibbling on a small long via 525.. buying off 13min charts..,0.509
added. cost now at 1.54. bounce off of put oi & s1 pivot. @moteltan bto $aapl apr 27 2012 605.0 calls @ 1.66 for ride to 609 ish.,0.47
"$wac trade continuing very nicely from yesterday, almost up $3 from yesterday entry, deal pricing tonight looking very strong here... $spy",0.495
equity indexes working on a positive engulfing for march. $sml $rut $iwc $smh $sox  small-caps / semis with a fakeout before the b/out.,0.308
$bone earnings stocks poised to pop http://stks.co/2zwe,0.432
$sonc amazing run since middle of march - obvious that the quality/tastiness of their burgers is not being factored into this price advance,0.492
$lee http://stks.co/24km lee ready to exit bankruptcy. strong volume today.,0.298
$rcon some upside today. this thing is severe low float. if there is catalyst for this guy. it can run.,0.254
$kitd looking for a oversold bounce.,0.436
$ppg descending triangle but i am liking it for an upside break http://stks.co/o9ny,0.201
$nsm ascending base breakout starting to gain traction; strong stock http://stks.co/gbsh,0.605
$aapl.  test the high today and probably go beyond after hours...,0.505
long $pcln,0.663
"$hlf shorts made a killing last couple days, might make more if cover and buy back?",-0.334
multi top on $mcd chart finally leads to a fall in price.  stability is questioned in the stock but coming weeks will tell.,-0.474
$mflx up  pre mkt. looks like gap has been filled....lookin 4 short opt here,-0.412
rt @jan $arna don't think buyout rumor strong enough too be driving this up just yet...when it is this may fly like aapl...// fly how high?,-0.02
$aapl right back in ... - buy the dips brought to you by cnbc. lol,0.346
$dmnd green and moving,0.477
$mtd (mettler-toledo) ready for a breakout,0.428
$acad under $2 today?,-0.164
$amzn breaking,0.251
$ea points to the two facebook games and accuses $znga of copyright infringement. http://stks.co/g3a1,-0.284
"$kgc http://stks.co/3qta oversold, falling wedge and positive divergence place it on the launch pad; looking for a bounce.",0.303
rt @bman1 $lng looks primed also $eght poised to run too...,0.381
$aapl broke descending channel....will it hold?,-0.07
$jnk http://stks.co/2fcm does not want to go down... risk appetite still high,0.272
"pnc, goldman sachs receive dividend hike green light (but don't act): http://stks.co/2pa7 $pnc $gs",0.316
$amd big dumping... would not touch it for a while,-0.699
$gnrc finding support at its 10-day line so far.,0.256
"loaded up on $bsx yesterday,looking good now. still think way more upside than downside.",0.664
"$qcor just added 3,000 shares @28.",0.73
"rt @stocktwits rt @fallondpicks breadth consolidates: after weeks of steady gains,advances in mkt breadth slowe... http://stks.co/2trg $qqq",-0.146
$aapl rejected the hod...should head lower. sitting on the sidelines for now.,-0.36
"google, inc. completes acquisition of icoa, inc. http://stks.co/nfei $icoa $goog",0.451
amazon declares 'best ever' black friday and cyber monday for kindle family http://stks.co/cetw via engadget $amzn,0.434
long $vvus shares as a call option w/ an expiration of..  umm.. today.    hitting hod here.,0.609
$isr- @isoray up 6% and high on volume http://stks.co/ifpo #biotech,0.612
$fb nice buyable intraday dip right here,0.492
$lscc accumulation chart continues to make new highs showing accumulation continuing to take place http://stks.co/adpo,0.497
$save breaking it's downtrend line on increasing volume. a move above 20.57 could see more upside. http://stks.co/l8y4,0.546
$goog resistance turned support?  it,0.34
$crm sep 40 calls are +35% since entry #bang http://stks.co/dedm,0.519
current holdings via options - long: $aapl $v $gs $aet & short: $vxx,0.635
$aapl i am big out from this. seems its falling towards 530.. :(,-0.639
$pkt momentum building for breakout trigger ! long setup http://stks.co/exvu,0.592
$nflx vision : short term consolidation then movement higher http://stks.co/j05uu,0.231
$uup at major resistance right now. can go much higher if it can break above. may take several attempts - few days to a week,0.171
$spy $vxx $aapl the parties over loaded on $uvxy volatility is back,-0.223
$brcm raises revenue forecast,0.367
$bbry bye bye sammy. hello bb. sounds like we'll see some green tomorrow.,0.395
$astx daily technical indicators are bullish. breakout watch over 4.58  http://stks.co/eovw,0.516
$edu bouncing nicely after add-on (posted),0.437
$yhoo a breakout above $29.83 would constitute a technical entry for the short term trader. http://stks.co/jkuf,0.389
bullish engulfing of coca cola: http://stks.co/fyco $ko,0.551
$iwm buy programs popping $iwm for close print cheap money means higher stock prices $spy robot buying,0.529
"$je looks like we are bouncing.  would be nice to finish over $6 today, and make the hammer.  nice volume from 5.77 bottom.  fingers crossed",0.391
$xlb the weakest sector this year and possible false breakout  http://stks.co/dl1z,-0.458
"$tyc just about to break out to new highs, lots of technicals looking great right now.",0.602
"$aapl at pivot area on intraday chart- break here could send this to 50-day sma, 457.80 http://stks.co/jpbn",0.128
"$brk.b $spy  all time high tomorrow? 150k on the a shares, dec 13, 2007.",0.297
$spy wouldn't be surprised to see a green close,0.416
@vegastrader66 looks like good entry for $qihu here.,0.453
$ino back in this am small post,0.554
"@harmongreg: $bbry wkly, inverse head and shoulders forming, triggers over 18.50, po at least 30.80, watching http://stks.co/ipvj",0.394
$line biggies must be loading up here at lows..,0.438
$gs is looking weak while this market is moving higher not a good sign. unless $gs can get above 157. early short below 154.00 today.,-0.398
key level to watch in $fb for today is 25.53-- watching to see if it can hold as support http://stks.co/boh4,-0.042
"$yndx and the price of some stocks was 2 times lower then annual earnings, i could not resist, i  was buying when everyone was selling",0.531
"red daily triangle on $shor,...scaling up on long position http://stks.co/r82s",0.661
@megaas2000 $aapl mcdonalds had a big growing success for years with the same bigmac and apple update and improbe iphone and ipad,0.295
ea launches origin online game distribution for mac http://stks.co/aktu via macrumors $ea,0.121
$etn upgrade today by ms to overweight.  excellent company and leadership,0.685
"$aapl double bottom could be in, keep in mind",0.271
@joerazorback this time i think $aapl will miss again. generally speaking market is near top when everyone thinks that market goes only up,-0.363
"$amrn full bull call spread ranging july to jan 15. lets see what this baby does,",0.681
$fb dax says bye bye 2013 - finished a great yr w 28% plus!,0.319
@ch_roark: $unxl i like this ascending triangle on the 30-minute chart. breakout coming monday! http://stks.co/at3glooks promising.,0.478
"@stocktwits: @kbkiwi: $tsla tesla model s sales exceed target, profitability guidance amended upward: http://stks.co/jq0w""""",0.526
"long position on $gol,...updating http://stks.co/fdmm",0.674
$smh got a sell signal on 6/4 and needs to take out 39.28 to go higher otherwise headed lower than 37.60 gap below at 35.38,-0.538
$osur up 33% since 6/25 buy signal. resistance 5.33 - expect 1. pullback 2nd half of day or 2. break abov 5.33 & continue rally for 4-5 days,0.552
$spy could the pride of social media be gettin ready to fall?  $fb - chart rolling over?,-0.287
$nflx +3% of the lows,0.323
$sbux getting sold here.,-0.551
$pg ackman making the big added efficiency argument. betting on operational imporvement in a huge conglomerate can go either way imo.,0.116
$rimm $spx $nya $compq $djia all going down,-0.559
"@ifhedieshedies: @bullhorn334: $znga shorts are getting nervous""""",0.366
$ocn has the stuff. will be looking to add shares if we get a new high breakout.,0.421
$bbry hearing rumours of a major joint venture announcement.,0.427
$aapl good time to buy. will the run come before earnings or after?,0.533
"$qihu totally missed this one, was about to jump in on that 60 break test but didn't, congrats shorts",-0.494
$uvxy put the chum out there at key support then next level down - careful,-0.32
entering long lockheed martin $lmt at thursday's open. http://stks.co/exta,0.627
@catskillfishing  note the monthly chart of $gdx & how it recaptured support. $gld possible double bottom set up. http://stks.co/aw6z,0.272
"key price to watch in $nflx, off the previous double top reject, 218.23 http://stks.co/siyn",-0.341
$spy tomorrow party time for the bears!! $goog and $msft -5.5%,-0.454
"$slv -4.44% at 18 now awful, down from 42.50",-0.591
$spy c'mon bulls buy dips!,0.228
@gakrum nice chart shows distinctive down channel not a dip.. where do you see the bottom? $spy ..$150? ..$130?,-0.443
$dxcm - making higher highs & higher lows as it consolidates over past several weeks. 26.70 was all time high (2006).,0.478
"#apple breaks major support, here are some levels to watch - http://stks.co/jrmw $aapl $qqq",-0.455
$crus upgraded to a buy by alpha street research,0.715
"$nflx small pos, short 180 wkly puts.",-0.597
$tsla i see more downside in next two weeks be careful -20 dollars drop potential vs +10 up moved,-0.477
$fb big money is pouring into facebook from all directions;http://stks.co/sowg,0.645
$lulu #outlook #q1 2013 #lost revenue in the range of $12 million to $17 million -not good,-0.43
@dojiknows th sp and the potential of qnx bes10 and bbm  cross platform will bring good news in time $bbry,0.284
$nugt longer term bullish,0.814
"2nd raise this year.  ""@bvhealthcare: $qcor questcor increases quarterly cash dividend 20 percent.. http://stks.co/goan""",0.576
$pay 2nd time test of the 21.20-30 b/o zone.  still not breaking out.  moved my stop up to 20.80.,0.093
$spy  still wants higher i think.,0.448
$bbry lets see 14+ today,0.302
$dcth near hod,0.366
$msft sql server revenue grew double-digit with sql server premium revenue growing over 30% http://stks.co/ir2f,0.454
$gte long at 7.44,0.732
$dara breaking out,0.427
$tsla gyrating @ s1 above gap. keeping an eye on s2 http://stks.co/jqfb,0.346
"$cnp sell short position on cnp,...closed for profit $ 59,367.00 (7.75%) http://stks.co/ghjc",0.155
$bbry actually lost .03c per share if u incl vz as no debt and 3.1 in cash.,-0.238
$bbry nice bounce,0.296
"$dnn picked some up, like this going into 2014",0.653
$nugt gold above 1400...wow,0.424
$bbry ready for take off!,0.472
$volc this stock has a very very very very very high probability of rallying tomorrow and/or early next week,0.72
"$yoku high volume blast off friday, goes higher  http://stks.co/qsal",0.565
$aapl key is to breakout above 460 on solid volume or else it's a no trade for now,0.123
$spy bumping its head on declining daily 8ma as overhead resistance. then the big brother 50ma just above that.,-0.35
"long position on $ip,....scaling up http://stks.co/siln",0.662
$fb churning in high volume @ ipo price. lot's of sellers trying to get out. might take a while here to consolidate before moving higher.,-0.215
the boeing company (nyse:ba) bearish trader bets $550k that stock will sell off 9.79% by july expiry $ba http://stks.co/tcse,-0.493
"$txrh reports q1 eps of $0.37 versus the estimated $0.35, beating by $0.02. eps were up 19% from the same quarter last year.",0.365
"$aapl is now beaten down, hated, etc. / hhhmm opposite of 700> what happens next?",-0.303
@asdfllc. nice pop today. told ya we would be green haha. funny you bring that up. i'm actually working on a story about $nok at the moment,0.404
$amcn pushing highs,0.543
@pierrules: $siri long!!,0.759
$fb shifting on the 15 minute here - suspect to take highs,0.442
$amrn you can many times find top and bottoms when shorts start rejoicing or bulls start rejoicing. currently it is the shorts rejoicing,-0.54
"$cndo 21% short float, shorts likely to take profits into close",-0.327
$rnn staying above the open a very good sign!!!,0.551
watch these bancos.they're holding up relatively well compared to the broad market $xlf $bac $gs $c <--large c buying in $bac in backburner,0.394
$cat is hangin on my a thread. 1click away from a cliff drop.. needs follow through (or snap-back on the vix),-0.337
$prgn a bottom right here?,0.041
"$spy less than 0.2% down and people are calling it bearish. some heading for exits already. maybe 1% down will be ""the crash""? disturbing!",-0.148
"$p bull flag on the daily, earnings on the table tomorrow +/-12 move.will straddle this one into earnings..lots of vol guaranteed here",0.335
$aapl action into the close indicates that $aapl probably hit a near term high.  momentum slowing after a huge run.,0.124
$v a potential bearish shark pattern if point b $226 to be taken out. http://stks.co/i0ggh,-0.326
$amzn trailing 12 months operating cash flow rose 48% to $4.98 billion & free cash flow decreased 63% to $388 million http://stks.co/c06zg,-0.009
"$rnn day traders flushed out, it should start going up slowly from now on .",0.411
@chessnwine: $iwm 30-minute chart. small caps threatening descending triangle breakdown under $110.20.  http://stks.co/r0kkm,-0.382
$yelp this goes green and so many shorts are toast!,0.463
rt @tomhend777 $mu needs to hold here -broken for now. needs big flush. still not technically oversold so now big bounce yet,-0.046
$amrn got sell signal 7/1/14 still in force with target below 1.50,-0.431
"$slv pos, been saying it for 2 years. going lower. forget about it or go short.",-0.631
new recommendation from carl kirst of bmo capital markets for $wmb is buy.price target is $62:http://stks.co/t0s0r,0.566
$dnkn $kkd $dpz $loco inside week buy triggers. http://stks.co/h0vv8  http://stks.co/r0ebn,0.485
"$rig whos ever pushing this is crazy, get ready for suspended dividend (turning into growth stock) blow out earnings, and major buyback, lol",-0.023
$aapl nice rsi 33 bounce at 9:58,0.291
"$axdx i got bored, and took my proprietary profit exit. i didn't like the option liquidity and lousy spreads.",-0.334
$nflx easy pop to 500$ by end of feb.. then steady as she goes for 600 into second earnings report..800$ year end no matter what,0.577
$iwm relative weakness is pretty apparent but the short boat is getting full on this one. i prefer the boat closer to empty.,-0.262
@saltwaternurse $ino can test 10 again in next few days. time to take some profits here. or hedge with puts.,-0.169
"@stockoptionexpert: $mat - 6%, big trader added 10000 april put contracts 3 days ago  http://stks.co/c1ols",-0.576
$fti breakout today after reporting earnings last night,0.554
"$ko had missed earnings expectations for the last two quarters, so todayâ€™s strong results came as a major surprise http://stks.co/d0rhf",0.338
$coh gaining momentum! nice buy signals here! long over $35.92 http://stks.co/t0tah,0.527
$baba may take a few days wks months watch what happened to $fb $twtr after they ipo. mrkt needs to washout. to hunt well need 2 wait stalk.,-0.055
$rad all my charts are flashing oversold.,-0.011
$rsol bought 3500 shares today!,0.738
$aria this is the reason why shorts don't show up...long steady small climbs. the best way to accrue value. imo,0.484
$camt looks like might break down. i'm out,-0.516
$athn seems like a good short setup. stop above the 50 day. no position.,-0.338
$kior my god. market getting crushed today. gotta hold if anything g should recover some tomorrow i imagine.,-0.302
$aapl  downgrade is bias. this stock is a buy.,0.498
linkedin revenue up nearly 50% http://stks.co/g1f4t  $lnkd,0.423
$plug bear raid,-0.48
$gpro down 25% since tue morning.,-0.527
$rost ross stores upgraded to outperform at rbc capital markets http://stks.co/j0q9t,0.565
$aria bounce player! long above $6.17 http://stks.co/q0wff,0.383
"$tsla looking good..i'd love to see a basing action here, letting the rsi take a breather. http://stks.co/g1t7c",0.362
$rad i would consider this opportunity to add my position because the company is on the right track they are still improving sales...,0.401
$gtat will re-enter short on bounce...,-0.46
$trow ascending triangle gives a bullish bias to this chart. breakout above 84 will be positive http://stks.co/g0ls5,0.544
$aegn macd and adx are crossing over the signal lines! long setup http://stks.co/qzzx,0.569
what #stocks large players are selling http://stks.co/t0vel $crox $gogo $ino,-0.507
$rnn more bleeding monday.,-0.465
$plug closed short position. small gain. not interested in options expiring worthless,0.143
$ubnt still having some trouble at the resistance line. should resolve soon.@cheri1 @strattonite   http://stks.co/c0su4,0.071
$twtr the best scenario going forward is this stock slowly falling everyday....which is quite probable...,-0.264
$mxwl oh snap. just went long again. lt,0.691
$hrl ready to pop! http://stks.co/s0ny4,0.336
just stumbled upon this amazing chart - $ofix - holy guac. super overbought. http://stks.co/e0px1,-0.497
$fb i guess they want it down look at the those sell orders,-0.465
@acinvestorblog: $spy eod run :),0.391
phew! so far good $bbry did not break 10.40 coz i was told that is key support level.,0.145
$oil slid to a four-year low after #opec kept its oil production unchanged  http://stks.co/a1ix4 $uso $wti $brent,-0.369
$cdti bounce here on support or h&s setup this area is very important for bulls to not lose http://stks.co/c0mf3,0.374
$lnkd daily phase 2 retest - price experiencing early rejection. can it retest? http://stks.co/t04xx,-0.228
3-star analyst joe wittine from longbow research reiterated a hold rating on $ntap.,0.214
$goog testing the 200 day after some consolidation http://stks.co/h0cpj,0.285
walter investment management corp receives a sell from compass point $wac http://stks.co/c1ivx,-0.45
"so as of today's close (8/15/14), i'm long $tsla $amtd $twtr $fb $aapl $celg - all on a longer-term, technical swing long basis.",0.591
"$hal if bulls lucky enuff to get an upside gap fill, better take it. wouldn't chase it here. http://stks.co/r12us",0.054
@1nvestor: $soda has a 42.71% float short. lol  http://stks.co/e0dfp,-0.392
"@brooklynbandit: $simo basing nice. a close over 24.18 is bullish $qqq $spy $study watch for a close near hod. currently up +3%"" up +5%",0.361
$kep breaking out when the market pulls back  http://stks.co/r0cet,0.413
$vips similar pattern like beginning of may. did u sell? same now..will go up much higher after this drop.,0.479
"@binkster69 not that. it's just er's lol. but looking at the correlation of $aria and foreign price charts, they are all poised to breakout.",0.5
$gdx $gdxj $jnug - strong move today for the junior gold miners - keep an eye out for a gap fill -,0.55
@bullya @pollux654321 my 50 $kors 80 calls are going to b a blessing for my daughters tuition!,0.431
$fb they are hitting  everything in sight.short it. but twtr,-0.504
$tsla you have to love these types of articles. ss interest rose on 12/15 on day before we hit our lows. http://stks.co/c1qkr,-0.405
"$kndi let's see some higher highs and higher lows rest of the day , slow and steady",0.396
"$iff technical alerts: stochastic sell signal, 200 dma support, and 50 dma support  http://stks.co/p12qy",-0.471
"$ino up, up, and away!",0.604
$bobe down $2.84  premarket,-0.512
$chrm loooooongggggg base,0.557
$nq got hit hard lower this am --> looks like it has found support a 18.89 http://stks.co/s052z,-0.551
$rsh - looking for first profitable quarter in 3 years!!!  ;).  long & strong,0.643
$gs sells flat..i am out..,-0.541
synergy pharma soars 67% today on positive phase 3 results $sgyp http://stks.co/j2awg,0.623
naturalgas settles at 3-year low $dbo $bno  http://stks.co/d27qx,-0.563
$wx decent pull back . .,-0.325
"09:01 am      $aks  dj ak steel revenue rises 36% on auto sector demand, acquisition",0.42
$bbry both 1m/6m trends turn bullish today with a resistance level at $11.31. http://stks.co/j1qt6,0.561
long $gpro for a brealout trade,0.594
$ugaz will this cold put a dent in the massive horizontal rig production. who knows  http://stks.co/p1v6p,-0.237
$isrg - isrg short - http://stks.co/f1vvu http://stks.co/c1qrm,-0.678
"$hpq says breakup will cost billions, but sees savings too http://stks.co/p27hz",-0.265
@renatta @fr0van @kjepeneter @rptl  strong close 4 $plnr  coming,0.523
buyback not trending right ( $cpix spending more as shares pricier). hopefully will pull back w 6.87 q2 closing vwap,-0.231
"$gild sandbagged the guidance so the can use that last 3 billion up.  cc was cautiously optimistic, wait til next er for confirmation",-0.083
end of day scan: stochastic overbought $jdst $free $blrx $lpg $afsi $dvax $hdge $aht $alr $asmb  www.dailystockplays.com,-0.385
$yang double bottom 5.2,0.23
$hyg potential continuation uptrend on a 60'-15'-4' charts http://stks.co/t1qp6,0.437
$cytx looks like an ascending channel on finfiz http://stks.co/f26r4,0.363
$aapl now i'm glad i got stopped out of my $113 weeklies when i did. will re-enter next monday for the #earnings run-up.,0.089
"$wfm bought a little yesterday, hoping for an earnings pop.",0.562
eur/usd finding support near 1.10 level $ero $uup $udn $fxe  http://stks.co/b29eu,0.259
$ibio  up 10% in premarket ready for lift off,0.507
"recap: $msft rumor this morning had them spinning off xbox unit, stock grinds up all day to close on highs",0.594
"$aapl aapl finally breaking under the 49 m.a.. with no buybacks this week, look for aapl to test the 120 support area.",-0.2
"$dgi technical alerts: gilligan's island buy setup, stochastic buy signal, lizard bullish, hammer candlestick, wid... http://stks.co/c29nu",0.564
$luv continues to consolidate above previous break out area...,0.227
$ren bottoming out again.. good time to buy,0.587
$googl hit with lawsuit from russian search engine $yndx http://stks.co/b1kd8,-0.17
$aapl at resistance right here...sold my shares...will buy back if it dips or if it goes in the 128 gap zone,-0.238
$gale breakout coming soon!,0.465
"$russ don't catch falling knives, but i think an entry is coming soon on this",0.1
$aapl $131 rally mode,0.5
$mpwr ceo sells 450k april 15th..meh,-0.195
"homebuilders - $ryl breaking below support, watch this one.  $spy",-0.397
$aapl afternoon selloff as usual will be brutal. get ready to lose a ton of money.,-0.569
$amzn going thru the roof needs a sell!,0.441
"$esi on lows, down $1.50 to $2.50 bk a real possibility",-0.465
short on $atvi from 24.55.,-0.745
end of day scan: bullish ma  crossovers $bbva $pds $ntls $ngl $sbrcy $fgl $mtnoy $ttt  www.dailystockplays.com,0.457
"@louiebeene vwap is 1.63, held the trend line. should be on a lot of radars. $navb",0.325
$neon oversold,0.43
"$ssys just re-tested lows . should rise steadily from here. it hit $81 just 21 trading days ago, and $130.86 on sept 18. it'll do it again.",0.395
"$kndi break that hod on volume, and we have a nice consolidation completed for another run.",0.602
$inve : see ya above $8,0.502
$bxs: bancorpsouth announces extension of merger agreements with ... http://stks.co/s2pdf,0.348
"maglan capital up +20.84% in february, long fairpoint  http://stks.co/s1eqc $$ $frp",0.559
exact (exas) flagged as strong on high volume $exas http://stks.co/r26ra,0.385
$bioc rsi extremely in long's favor looking at bioc historically.,0.503
$tnh looks like an explosive setup if it can break the 20ema and 105 level http://stks.co/b1svh,0.348
$vmw  got a nice push today following small sweepers of may c this morning,0.28
$ddd 3d systems (ddd) stock receives ratings downgrade today at jefferies http://stks.co/g1cqd,-0.501
$aapl dips being bought up real quick. higher lows fo sho,0.249
long $x 24.62,0.601
$nke gapping up to all time highs http://stks.co/q1jau #tradeideas http://stks.co/r1j6c,0.782
@intuitiv $clne gasoline prices spike in california. http://stks.co/t1boi,0.46
espn files lawsuit against verizon - http://stks.co/i2cj1 $vz,-0.346
$avgo great growth stk &  also raised dividend . clearly a great investment http://stks.co/r2f3h,0.597
"$rxii tang really is toxic, they keep bringing the share price down. at least they could let it climb a little before dragging it down.",-0.507
$aapl near a 3% drop thats a lot... now the best i can do is hold er lol,-0.304
$hcp come to the party and buy this -gonna give solid gains and a dividend $$$$$$,0.52
"$onty continues to base as debate lingers. ont-10 data next potential catalyst. if positive, stock quickly moves to $10. downside limited.",0.3
$spy looks like bear traps getting laid faster than cadbury creme eggs by the easter bunny,0.351
$bbry sierra. has a great cash balance and impressive growth rate.would be a wonderful marriage!,0.493
$iwm same conditions that sent markets to tumble all hitting this week,-0.236
$crk time to accumulate for a long position with far more upside than downside,0.668
$bwld bearish engulfing candle,-0.532
for @vnoto74 to follow:  after a sell signal by $ndx internals [06/23] ~> technical sell $qqq [06/25] ~> down,-0.541
$awr standard & poor's affirms 'a+' credit rating at american states water company and golden state water company http://stks.co/f2p94,0.526
$free ha heeeeeere comes the pump! so glad i picked up 9k end of day! get ready for the bull ride!,0.538
$nuan held up well after the big gains! maybe we're finally on the move on this!!its still very undervalued and has major upside,0.695
why $mcd looks set to fall further. http://stks.co/f2fgj,-0.545
@technik i still have a smaller $gild pos. being very tender with cash due to volatility. so reluctant to keep many big positions.,0.153
$fb bot some @78.47 breakout from the consolidation zone :d,0.724
$xli potential intermediate top in an uptrend on a 60'-15'-4' charts http://stks.co/j1tdf,0.126
$twtr sad the only thing to move this is a takeover rumor only to be sold off next day !,-0.278
"$vrtx vertex. monthly -lower hi/lower lo,  long term uptrend intract so far",0.368
$gevo plunging!  back to $3.55.,-0.628
energy still failing to close above the 10d ma.  continues to stand out weak $xle,-0.517
$enb.ca {head&shoulders} bullish reversal setup and breakout. oil and gas pipleline stock. $uso,0.253
"$imrs - it's important to be pragmatic in analysis...high prices could offer head-winds....bullish story intact,evenif the market rolls over",0.4
micron shares pounded on fears of loss of business from apple; stifel defends $aapl $mu http://stks.co/t1z8t @marjo,-0.596
"$chkp abc bullish pattern, targets https://t.co/uvmmrsr5zy",0.496
$tsla is now up 57% from its february low. amazing rebound.,0.582
$sbux downgraded to neutral at deutsche bank. price target reduced to $64 from $70.,-0.446
"micron technology inc #nasdaq: $mu down 2.3% today and down 8.9% since being put on ""the short"" https://t.co/eqqltfuiou",-0.469
$yhoo about to break out on the 5-min...,0.313
$gild 91 now support. $ibb $bib https://t.co/gioof6zbkv,0.188
$fb down 7.5% from this #bearish pattern.  considering the #bullish sentiment - that's an impressive bearish move https://t.co/tajf0ch2qh,-0.39
$save long. https://t.co/yejus9cmlc,0.388
@mugatushair now it is time to short $tsla,-0.385
$cost costco less than stellar day but it held the 50 day moving average,-0.14
"$agn and $pypl under pressure along with the market, however there were bullish options trades in both this morning https://t.co/9xg5w8nont",0.014
costco: a premier retail dividend play https://t.co/fa5cnh2t0t $cost,0.354
$intc finally some nice downside move... looking for the 31 handle to break,-0.462
"$yhoo fishy action. new party interested (dailymail) bounce & retreats. not short by any means, but action questions big up move. thoughts?",-0.043
"sheryl sandberg sells 109,000 shares of facebook inc $fb stock https://t.co/3vxt7amnpk via @ratingsnetwork",-0.186
amazon has been selling surveillance cameras infected with malware $amzn #amazon  https://t.co/tohleq8fk6 https://t.co/5pr4cbtvvy,-0.186
"$tsla 5th wave down on the 1 hour chart, hammer candle developing, close to 200 sma, might be a good spot for calls",0.4
baird upgrades tesla motors $tsla to outperform https://t.co/1fa6atoqlw,0.52
$ilmn piper jeffries raises pt.  i remain long,0.467
"@hopeturock yes, the expectations of a deal are somewhat priced in but we could see a nice pop if bids come in higher than expected... $yhoo",0.234
i don't see it. 200 day sma is the big hurdle. there is a good base building. $nflx  https://t.co/imkygo2cyc,0.228
daily mail parent company in talks with potential partners about joint bid for yahoo's internet assets: https://t.co/mk7memtadt $yhoo,0.228
expecting  $spy to close above 205.20 $aapl,0.385
"$fb trending nicely, intraday.",0.404
starbucks' digital strategy to drive significant growth with customer loyalty $sbux https://t.co/xk6lz3ui3k,0.388
"$qcom chart: qualcomm short 61.8% retracement, trendline and resistance. https://t.co/2wqqh35koy",-0.371
"$intu is in the process of streamlining its structure, especially through divestment of non-core businesses   https://t.co/dr5banun2u",0.229
"$tsla steaming up again, this stock is relentless at the moment",0.535
.@barronsonline sees #apple at $150/share in a year (+36% from today) on growing services business. $aapl https://t.co/3bdnekn7l1,0.408
adobe receives new rating from top analyst $adbe https://t.co/ljnxpevhzn,0.141
activision blizzard media networks announces record #esports viewership https://t.co/729biqlbtk $atvi partnered with $hdsi for 9 #tournament,0.208
"also, bmo had just initiated $incy with an outperform yesterday, while several other firms all reiterated buy ratings.",0.574
@rec_zakaria monday bulls are out! stock ticker- michael james ent. other picks $sbux $gvp $nke,0.457
#tesla: model x recall adds to reliability issues $tsla https://t.co/jvxq4doxnp,-0.267
microsoft joins the open-source eclipse foundation https://t.co/z8g5czakeu focus on collaboration & open business is a smart strategy! $msft,0.26
"sudden optimism about iphone sales (i.e., not as bad as expected) gives apple $aapl a lift.  https://t.co/oktcw4yib5",0.279
$nflx +1% $104.80 long streaming services rapidly outpacing traditional cable,0.571
infection worries prompt regulatory reviews of gilead leukaemia drug $gild https://t.co/h9vqxpz15g via @yahoofinance,-0.401
preparing for a breakout trade in netflix $nflx  https://t.co/czhix3tuag $$ https://t.co/z1qb9xa4ld,0.358
"$ctrp just broke resistance, watching for a #redtogreen #breakout right out of the gate tomorrow morning. #stocks https://t.co/8vxfuuit04",0.598
deutsche bank cuts $sbux,-0.539
"fastenal misses by $0.01, misses on revenue $fast #nyse https://t.co/63jhq7pwmn",-0.374
$tsla recall,-0.227
piper upgrades symantec on improving renewal rates and enterprise growth $symc,0.525
#fusioniq new positive timing signal on $sbux today https://t.co/9imlxz4yna please retweet #signals,0.341
#longpos $tsla 256 break-out thru 50 & 200- dma (197-230) upper head res (274-279) short squeeze in progress nr term obj: 310 stop loss:239,0.504
starbucks' digital strategy to drive significant growth with customer loyalty https://t.co/9q7ci79iyo $sbux,0.335
apple: another attempt to break out on apple but with weak pvt   $aapl #trading #investing #aapl https://t.co/dnh7hgv22v,0.138
$isrg break out confirmed. bought leaps. good trading!,0.36
"@sharkbiotech if anyone is selling/shorting $agn b/c you believe $endp rumors to be realistic, then i'll take the other side of that trade",0.422
$fb & $tsla cracking lower early. $short #correction #stocks,-0.511
today i bought more $mu $yhoo $vale $nbl $twtr $axp $znga https://t.co/vt6t5zp2is,0.248
hard to find new buyers of $tsla at 250.  shorts continue to pile in.,-0.373
"$amzn trades in mid to upper range. no break out yet, either direction",0.059
$tsla announces a recall and the stock doesn't sell off. this stock is teflon. won't last forever.,0.213
$nflx and $tsla making all kinds of gains ðŸ“ˆ,0.42
"@traceyryniec not just energy, it's so broad. you will see it in wwg and kaman as well. i'd be short $fast",-0.625
$aapl goldman sachs reiterates conviction buy on apple with a $155 pt $spy $djia $gs https://t.co/h5hmxsitwm,0.335
tesla issues its first model x recall https://t.co/t1kmqvwhqq $tsla,-0.287
$endp being sued by ftc.....nobody will buy them with that hanging over their heads,-0.602
$tsla weakest in todays dt watchlist,-0.383
"$tsla on fire, what is that 6 up days in a row. someone neeeeds!! in",0.452
$gild chart: with $ibb back over support. https://t.co/gprz2ujfc4,0.362
"$kndi #china #electriccar maker. china car sales +7.8%. also, may feed off $tsla momentum run lately.",0.225
"took some $endp long this am, using vwap as guide",0.613
"maybe closing all those $aapl calls i had this morning was a bad idea, money left on the table...",0.501
$aapl weekly still under the 50 moving average and creating a lower high. https://t.co/vt7ppzy2uy,-0.215
"intuitive surgical $isrg is in a great financial position, take a look https://t.co/vahhjacbfg https://t.co/24hqtqx4ou",0.406
$nflx i say it's time to short at this point.,-0.489
$tsla upgraded to buy @ argus w/ $333 pt - you'd almost think after ~100pt run in 5 weeks this would be the sell signal,0.349
$fb slight green... may be runner later,0.328
"$aapl stock climbs as barron's sees 40% upside, jim cramer's take  https://t.co/lkld9mvkbq",0.517
"tesla to recall 2,700 model x suvs over seat issue https://t.co/odpran59xq $tsla https://t.co/xvn4bliwpy https://t.co/thfvwtnrps",-0.31
juniper tumbles on q1 warning; cisco also lower $jnpr $csco https://t.co/bgvintk43h,-0.366
"$atvi ooks pretty bullish for now. from a short-term perspective, it's got a good chance of maybe sliding back to 33.70 #stocks #investing",0.323
$ctrp  breaking out here on good vol and a parser buy signal  ..noticed this on bob langs comments looking for 48 fast,0.418
"78 users on vetr are bearish on tesla motors, inc., indicating a sell rating (2 stars) for $tsla https://t.co/vvpzqcxsnj",-0.485
4 beaten-down internet companies that may be ripe for a #takeover target: #twitter $twtr - #linkedin $lnkd - #yahoo! $yhoo - #groupon $grpn,0.129
"$stx long play, another consistent profit zone.. check it out https://t.co/dqfuzozylh https://t.co/ggne4ayzqn",0.48
"$fb trend, hits mid 110's and drops",-0.343
$pcln trying to break daily trend line! big move could happen https://t.co/gy0adb2jsq https://t.co/kpbbcgq2xy,0.485
$fb i've been dead on so far. such a bloated valuation. https://t.co/czcf8kbrlt,-0.536
$tsla recall model x https://t.co/b7izya4bue,-0.347
"$tsla recalls 2,700 model x vehicles; shares volatile https://t.co/tckqznmiqx #tsla #tech #stockmarket https://t.co/femhjtamqj",-0.336
breaking: tesla recalls all model x cars  .. details on show now $tsla,-0.308
"$qcom the indicator rsi is over 50, which stands at 56.1, an upward movement is expected. https://t.co/yfa9jcusqa",0.387
supermarket stocks rally as tesco plans to axe non-core uk assets $tsco https://t.co/bmvhcrwrea,0.248
$trip maintains neutral rating at jp morgan- pt cut $61 from $66,-0.019
why alphabet inc was just upgraded to buy https://t.co/devnlkhqtz $googl,0.465
@nasdboy i think the dnf crew can get this $nflx short into the next 30 days heading into earnings,-0.308
added more $bbby @jimcramer is wrong about this one. still a very profitable merchant with profitable stores,0.557
added long at friday close  $spy $labu $blue $amzn,0.513
"isolationism? another sell rating, sell ratings on spy, qqq, iwm and several companies https://t.co/j35fnnx744 $aapl #apple $axp $bac",-0.513
long $sdlp $cpgx $twtr $bita $labu $fb $tsla $ete $sdrl  autocharts @ https://t.co/nxlx1es7ny,0.488
costco: a premier retail dividend play https://t.co/j3uhts022m $cost,0.463
pivotal research upgrading $googl to buy.  https://t.co/lsahepdqhd    #stocktrading,0.512
most bullish stocks on twitter during this dip. $yhoo $gdx $googl $stz $gold $ew $vz $celg $sbux $scty more: https://t.co/iuzjelfwt3,0.408
$tsla <study the charts> pullback_time https://t.co/zmdg0fb3i7,-0.3
#tesla model s deliveries are up 35% in germany - record deliveries in march [chart] https://t.co/ycnclcbimv  $tsla,0.365
"last month we added to our $gild position and started a new one in $bwld we see slow, steady, unspectacular growth going forward near term",0.422
"$tsla lots of green on the 5 min, watch the hourly $259.33 possible resistance currently @ $257.00",0.318
$amgn and #ucb announce positive top-line results from ph3 study evaluating romosozumab in men... https://t.co/4hboudr8b8 via @yahoofinance,0.47
sold some $tsla puts this morning closed them at the close. helps pay for monthly expenses,-0.043
windows 10 is awful why did it force an upgrade on my pc without my consent? #windows #microsoft $msft,-0.49
$expe working on the second leg of its reversal run as it breaks another down trend and continues higher. https://t.co/76dsjysyr0,0.536
"$endp exit reversal .11 x 3k shares = $330 - now long - not getting follow through, either side of price action",0.469
$ctrp not a bad long chart now that it's through sma100 resistance.,0.498
$endp was looking for a long entry but today's price action wasn't appealing,0.034
"$intc & $aapl strong, tech leads dow higher",0.588
$ctrp breaking out https://t.co/z2je3rtkch,0.364
$csx another strong rail today after breaking intraday resistance at 1$9.80 https://t.co/ea4fbvuqgp,0.468
loading $spy and $aapl puts. think were toppy imho.,-0.537
bot $amzn 600 weekly calls here @ 5.93,0.659
$fb watching for bounce tomorrow,0.366
#fintech provider $cafn cachet financial solutions surging forward today post earnings up +13.26% https://t.co/9bj3csk2i9 $jkhy $fisv #momo,0.418
"really surprised by how much $fb has now fallen. thought there'd be some support around the 50d, but i guess not.",-0.334
$tsla bad day to short,0.45
"$tsla to recall 2,700 model x suvs for seat-belt fix",-0.235
5 best analyst rated stocks in last 72hrs: $orcl $aapl $cbs $ino $cpxx view all ratings here: https://t.co/irid6zd5gc,0.509
bought some more $celg as it is ready for a bounce.,0.628
analysts impressed with progress at tesla's flagship factory; co spent $1.6b on upgrades in '15 https://t.co/sabxcsn8cd by @tsrandall $tsla,0.474
"$celg back near 104, where it opened and rallied higher last wk. a good place to take a shot https://t.co/zwhthsvfsf",0.465
$amzn new hod with conviction keeping $570 on watch for resistance.,0.529
$fb  rejecting highs shortable...at 109,-0.387
"$csx is up today to report.  wall street is expecting eps to be at $0.37, and revenues at $2,732b.",0.461
$fb turns back down in early trading.... https://t.co/reuf5pzhbm,-0.393
followed the levels i shared with you on $nflx $googl $tsla calls for nice gains. still holding $fb 110 calls. week made in a morning.,0.471
"$fast $gww - daily sales slowing again, pretty timely coincident indicator https://t.co/m6bkhbkzk5",-0.105
"tesla motors recalls 2,700 model x suvs $tsla https://t.co/xdgraexkkz",-0.367
"siriusxm added 465,000 net new subscribers in the first quarter of 2016 $siri #ceo #sales #marketresearch #tech #entrepreneur #speaker",0.466
5-star analyst @brianwieser from pivotal research upgraded rating on $googl to buy. brian has a 79% success rate https://t.co/t0dn02eoh5,0.561
long $endp @ $26.23 on $agn b/o rumor,0.57
"you know that back seat? don't sit in it. - $tsla -> tesla recalls 2,700 model x cars https://t.co/7j0gwz89zc",-0.319
this $bbby stock options trade would have more than doubled your money https://t.co/oa0loirijl via @thestreet,0.294
x marks the recall: tesla recalls #modelx for faulty 3rd row seat. https://t.co/hsqdovry07 $tsla https://t.co/4cs3cnzebb,-0.26
$stx move off the bottom but still in bear market #datasecurity $emc $sndk $wdc https://t.co/vkydwpxesn,-0.421
$vrtx early technical buy signal... for confirmation > 86 it needs some fundam. incentive https://t.co/quysrqfo2x,0.464
$fb (110.20) is starting to show some relative strength and signs of potential b/o on the daily.,0.334
"@cgrantwsj i think this $tsla bubble might go on for some time. so long as ppl love the cars, they might keep getting funding.",0.424
$sbux heading for the 200dma and certain doom if it can not hold there.,-0.437
$amzn long into earnings. looks good over 600,0.613
$googl is a short below 740 into the upper bb and is overbought,-0.48
timberrrr $tsla https://t.co/mrbgfdhhva,-0.562
interest heats up for @yahoo $yhoo - the wall street journal  https://t.co/j5jvji9bia,0.413
"tesla recalling 2,700 model x units, related to faulty latch for third-row seats; fall to $252.50 level on recall, shares up 1%  $tsla",-0.385
commented on it's time to embrace dividend growth https://t.co/wc2qfp79tn $abbv $csco $wyn,0.284
word on the street is that allergen is looking at endo international after the failed pfizer merger. may-20 $35 calls active. $endp,0.472
$sbux inverted head & shoulders pattern in the works. bullish.,0.572
i see a 20 percent upside in $fb shares from here,0.589
long $aapl,0.648
$fb popping up to hod,0.446
$tsla yeah lets go down to 230s lol,-0.355
#ndx component tesla has announced it is recalling 2700 model x suvs. $tsla,-0.221
$yhoo making new hod,0.442
"daily mail owner considering yahoo bid $yhoo ,up 2,05% https://t.co/extzr1riyp",0.288
$pcln back to back intraday reversals look out below. shorts moving in!,-0.53
$pypl great vol flow trade here.. love this company long time.,0.408
$isrg pt raised to $700 from $640 at leerink - keeps outperform rated,0.489
long $tsla short $mbly https://t.co/jspuszo6na,0.607
"$tsla recalls 2,700 model x cars. stock dropping hard...",-0.626
$aapl - has broken its downtrend - but 200dma proving to be stiff resistance short term. https://t.co/vlzlgvihzv,0.222
"potential defect with third-row seat belts. tesla motors recalls 2,700 model x suvs $tsla https://t.co/yvydncdndi",-0.366
netflix grows efforts to create loyal customers $nflx https://t.co/5qxbkobphe,0.225
"tesla motors recalls 2,700 model x suvs $tsla https://t.co/f55dx4aegi",-0.307
$fb $aapl $nke $jwn bearish charts keep getting worse.,-0.619
"apple expected to launch new iphone, ipad today $aapl https://t.co/xfnicwebeg",0.264
$tsla stock gaining steam... plus other notable moves from this week: https://t.co/hz0wdp5za1,0.349
$gild  is expanding its research facilities...keeping up with the pace of innovation  https://t.co/uoe7fj4lop,0.297
"$endp - we saw a large order in this one last week, someone also accumulating may & jun 35's calls today",0.613
tripadvisor jumps on m&a rumors https://t.co/o4lwcdxmbr $trip,0.47
seat belt recall? who cares....  i'm a buyer $tsla,0.598
$fb gettin in the buy zone soon ;),0.361
starbucks downgraded on same day as new downgraded rewards program starts  $sbux,-0.46
"$adbe technical alerts: expansion breakout, gilligan's island sell setup, volume surge, and new 52... https://t.co/lxx66tknfh",0.208
"$aapl a new long if 110.61 is broken. targets are 112.19, 119.86 & 123.82. bears must retake 102.77. $qqq $nq_f $ndx https://t.co/6l3m1wxchw",0.172
thank you $goog (google alphabet) and $fb (facebook) stocks! what a nice reversal.,0.318
"tesla motors recalls 2,700 model x suvs https://t.co/bfws3dbm0u $tsla",-0.424
"$aapl bounces off support, it seems",0.443
deutsche bank downgrades starbucks because of new loyalty program https://t.co/iy4lcugabc $sbux,-0.436
$googl gets an upgrade price target $970,0.47
netapp downgraded by macquarie to underperform. $22.00 pt. https://t.co/xcngws0t4q $ntap #ntap via @ratingsnetwork,-0.574
"tesla is recalling 2,700 model x cars: https://t.co/8z7bkvstl9 $tsla",-0.291
$fb small long 109.25 via calls,0.352
commodity channel index indicator signaled a oversold for $fb #stockmarket https://t.co/vm32d3m9xi https://t.co/cvkojk05xn,0.324
"isolationism? another sell rating, sell ratings on spy, qqq, iwm and several companies https://t.co/6nkwecrba5 $aapl $axp $bac $blue $fxe",-0.389
alert: new rsi signal created on $cost - buy at 148.78 - time: 14:19 - strength: 10. powered by https://t.co/mhobzu3rmx,0.497
$sap q1 disappoints as #software licenses down. real problem? #cloud growth trails $msft $orcl $goog $crm $adbe https://t.co/jndphllzq5,-0.431
$fb gone green on day,0.476
"$amzn rejected that 604 to the penny. weak open and it goes r/g within first 30 mins, could have 8-10 points in it. https://t.co/58teaexxpe",-0.229
$googl is setting up above its 50-day moving average. https://t.co/ttm9rnfoxj,0.516
$fb still a dog going much lower this week,-0.554
academics claim google android two-factor authentication is breakable. #security #authentication #hacking $goog https://t.co/njx4mnrglo,-0.309
alert: new macd signal created on $ctxs - buy at 77.09 - time: 18:23 - strength: 10. powered by https://t.co/4tdgjedllz,0.49
$bac $adsk $nflx long this morning,0.476
locked in some $fb puts for nice gain,-0.524
3rd red day in a row ? $tsla,-0.43
just went long $ilmn,0.558
#apple up almost 20% from its february lows with very little fanfare. $aapl,0.431
$dish weakness continues again. 49.43 area resistance after last week,-0.41
$aapl iphone shipments on track to exceed forecasts - marketwatch https://t.co/2cxahjix7d,0.367
$cost short finally making gains. i will take half my gains at 147,-0.41
why $twtr is doomed in 1 chart $fb $goog  https://t.co/mpylireqjh https://t.co/nlczawdohp,-0.07
apple inc.: the rip-roaring rally is just beginning! (aapl) | investorplace $aapl https://t.co/jrcfc8xly9,0.559
"upside moves in the volatile #mining sector, sending anglo american plc $aal up 6.8% as of 4:30 pm, london time",0.462
"tesla: voluntary recall of 2,700 model x vehicles, due to back seat issue. $tsla https://t.co/npakc3u6gs",-0.327
@scottrade why is $tsla not available for shorting at this time?  same for $w?,-0.528
deutsche bank downgraded starbucks co. $sbux https://t.co/qqlevvwpmv https://t.co/f2pdqjutha,-0.611
coke dividend - 3%. google dividend - 0%. for passive income coke takes it. $goog $ko https://t.co/qbsowjxost,-0.066
juniper tumbles on q1 warning; cisco also lower https://t.co/n8x8bplj1e $jnpr $csco,-0.556
looking for a strong bounce $spy -- lunchtime rally coming. $dia $iwm $qqq $aa $fb,0.521
"dji overbought: $aapl, $axp, $ba, $cvx, $ibm, $intc, $vz https://t.co/wmy1pnomjf",-0.296
"baird likes $tsla - upgrades to outperform, lifts price target to $300. research firm also sees no capital raise necessary in next few qtrs",0.61
$tsla x recall not a big deal... the problem is now they will have an excuse to guide way way lower...,0.003
$tsla not dipping - testing the 200 day ma https://t.co/jeplmzqkgw,0.281
"on #fedday looking for a sharp move up in equities $aapl $hd $low $fb seeing $uvxy $tvix getting hammered, even though market is down.",0.368
$jd down 20% in after-hour market. anyone care to explain why?,-0.551
look at that $amzn > 600,0.326
yahoo stock is up to $36.46 as the bidding war picks up for the company https://t.co/jdnzxdcmkl $yhoo https://t.co/hmoegfhgvn,0.391
starbucks shares down as much as ~4.2% $sbux https://t.co/jlgrprr54k,-0.383
$aapl beat the estimates. will still go down on lack of new products. https://t.co/sx3z7u6n8o,-0.248
long $aapl 107 calls @ .40,0.613
"facebook, near a buy point last week, faces a different technical test today https://t.co/c72llmpinm $fb $aapl $nflx https://t.co/fpfbytypuy",0.102
"$sbux down pm, from $db downgrade.. pt cut from 70 to $64",-0.531
$ebay  e-bay bay!  working on a couple daily dojis .. should continue to the downside  https://t.co/lgu0ybxeze,-0.441
breaking 52 week highs timing looks great now $ahs $baby $post $ige $irdm $ewbc $phys $ulta $vnet $biv https://t.co/11k8jzuzmu,0.419
$tsla recalling pretty much every single model x @cnnbrk got to short that even at work you jump in money trade,-0.378
$aapl high of day just hit. back at it tomorrow.,0.394
ouch looks like $tsla shorts getting skinned again,0.518
"qualcomm: 10% dividend increase rewards patient investors, the future looks bright https://t.co/tjjvpqhhqd $qcom",0.484
facebook $fb received a buy rating from wells fargo 5-star analyst peter stabler (wells fargo) https://t.co/jnb4c9vdcu,0.456
$tsla wish had my puts back but see if we can find support around 243.39 and pop up so that i can get back in. https://t.co/hfklq3wobv,-0.485
citrix systems inc $ctxs position increased by mizuhoâ€¦ https://t.co/v7lkq08flp @sharestocknews,0.529
"notable gainers among liquid option names this morning include $stx (+7.0%), $nem (+4.6%), $wdc (+4.2%), $x (+4.1%), and $gme (+3.4%),",0.513
is #facebook's user engagement falling? https://t.co/tqmmt7n16x $fb https://t.co/sedqrwgdkt,-0.39
royal mail chairman donald brydon set to step down,-0.374
stakes high for astrazeneca heart drug facing tough competition,-0.24
update 1-dairy crest loses a third of morrisons milk contract,-0.161
insight hires aviva's david hillier for multi-asset team,0.137
primark racks up a happy christmas after strong sales,0.704
update 1-pearson expects to grow this year after solid end to 2014,0.446
tesco sells blinkbox and broadband service to talktalk,0.136
unilever profit rises despite sales slump in china,0.213
tesco leads leap in ftse 100; marks & spencer drops,0.389
royal dutch shell profit rises; dividend up 4%,0.65
morning agenda: shire's deal for nps,0.195
carnival corporation and china merchants group sign memo of understanding ...,0.119
teva: fda approves generic version of astrazeneca heartburn drug,0.242
passengers rise at easyjet and aer lingus,0.329
tesco abandons video-streaming ambitions in blinkbox sale,-0.195
"fda approves nps drug, in move validating shire takeover deal",0.332
ocwen reaches settlement with california regulator,0.171
morrisons faces festive sales test,-0.113
tesco share price dips as blinkbox books closes ending supermarket's digital ...,-0.357
shire to buy nps for $5.2 billion to boost rare disease drugs,0.235
astrazeneca's medimmune inks licensing deal with omnis pharmaceuticals,0.295
fda approves shire's vyvanse for binge-eating disorder,0.291
companies thetrainline.com announces arrival of london ipo,0.245
breakingviews: iag can pay more for aer lingus,0.12
tesco share price jumps as q3 sales top estimates,0.719
crh's concrete bid for holcim lafarge assets,0.282
persimmon share price climbs on 23% rise in full-year revenue,0.975
ruling sets lower limit on potential fine for bp,-0.261
reed elsevier share price slides on underwhelming full-year results,-0.526
update 1-meggitt reiterates annual outlook after tough 2014,0.021
slump in weir leads ftse down from record high,-0.827
bunzl lifts dividend again as acquisitions continue to boost profits,0.401
refile-update 4-britain's lloyds to pay first dividend since rescue,0.522
glaxosmithkline set to complete $20 billion novartis asset swap next week,0.189
meggitt share price tumbles as profit falls in 'challenging year',-0.854
analyst views: astrazeneca shares have seen recent volatility; what will 2015 ...,-0.12
arm royalties accelerate as smartphone market regains strength,0.571
conagra names former hillshire farms ceo connolly to top post,0.101
bg group appoints new ceo one month early,0.069
"glencore cuts 2015 budget, plans to divest from lonmin",-0.314
u.s. debt lures schroders as ecb depresses rates,0.048
tullow oil suspends dividend amid oil price fall,-0.498
"oil majors like royal dutch shell, chevron, bp fail to find reserves to counter ...",-0.402
standard chartered lags on capital worries,-0.358
standard life share price: insurer buys advice firm pearson jones,0.364
tesco closes in on new chairman with dixons carphone's john allan in the frame,0.129
millercoors delivers 2.9% underlying net income growth for 2014,0.495
rbs will reportedly appoint howard davies as its next chairman,0.089
hsbc hit by fresh details of tax evasion claims,-0.594
relief for lewis as tesco sees sales grow for first time in a year,0.42
morrisons finance chief to fill gap as ceo leaves early,-0.114
"update: persimmon profit up strongly, outlook positive",0.937
trlpc - crh backs lafarge holcim asset buy with 6.5 bln euro bridge loan,0.365
tesco shareholders back itv head for chairman,0.139
"buffett's berkshire builds deere stake, dumps exxon",0.316
aviva fined $27 million by u.k. regulator over fee failings,-0.675
astrazeneca's patent on asthma drug invalidated by us court,-0.656
rolls-royce to ensure compliance after petrobras bribery report,-0.075
whitbread share price climbs on q4 sales growth,0.513
warren buffett defends berkshire hathaway's conglomerate structure,0.144
g4s sees profits rise but uk contract problems remain,0.252
friends life lifts profits 38% and hikes divi ahead of proposed aviva takeover,0.387
auto trader share price surges as company floats on lse,0.655
new credit suisse boss faces stiff challenge in asia,-0.181
"update: easyjet passenger numbers, aer lingus traffic up in february",0.284
is it worth investing in tesco plc and prudential plc now?,0.161
uk winners & losers: aviva and friends life lead ftse 100 gainers,0.516
sainsbury's says to outperform rivals in tough market,0.536
companieskingfisher bid for mr bricolage runs into trouble,-0.253
update 3-auto trader shares leap in uk's biggest private equity-backed listing,0.641
"london open: taylor wimpey and ashtead drive markets higher, barclays falls",0.514
gsk and novartis complete deals to reshape both drugmakers,0.264
"aviva, friends life top forecasts ahead of 5.6 billion pound merger",0.39
citigroup to sell onemain to springleaf for $4.25 billion,0.283
"u.k. stocks resume gains to rally to record; crh, tullow climb",0.544
british american tobacco drops and sues pwc over pollution scandal,-0.437
uk's ftse has worst day so far in 2015 as bg and prudential fall,-0.651
"kraft, cadbury's and britvic in total recall: how pulling a product affects profit",-0.158
how kraft-heinz merger came together in speedy 10 weeks,0.214
astrazeneca teams with daiichi sankyo to sell movantik in us,0.364
rbi surprises street; sensex pares gains after hitting mount 30k,-0.216
credit suisse poaches prudential's thiam for asian push,0.125
kingfisher takeover of mr bricolage could hit a brick wall,-0.311
"u.k. stocks little changed near record as barclays, shell fall",-0.508
insurers: admiral blows hot and cold but aviva soars pre-friends life merger,0.053
astrazeneca and daiichi sankyo to jointly commercialise movantik in the us,0.361
legal & general arm buys 50 pct stake in mediacityuk in manchester,0.379
randgold profit hit by poor gold price but dividend still increases,-0.052
"companiestravis perkins lifts dividend, earnings rise 15%",0.494
market report: aviva tops the market as traders approve of its choice of friends,0.443
insurer old mutual picks standard bank's hemphill as new ceo,0.025
"fda panel backs safety updates for astrazeneca, takeda drugs",0.143
companiesdiageo stays neutral on india boardroom turmoil,0
germanwings disaster will not affect image of budget air travel - easyjet,-0.046
shell's $70 billion bg deal meets shareholder skepticism,-0.345
shell offers 50 percent premium to buy bg for $70 billion,0.193
wpp boosts sales despite cautious clients,0.251
shell to buy bg group in $69.7 billion takeover,0.25
london morning briefing: hsbc and standard chartered shares rise,0.556
update 1-bp shareholders back more disclosure on climate change risks,0.037
shell challenges exxon dominance with 47 billion-pound bid for bg,-0.196
royal dutch shell to buy bg group for nearly $70 billion,0.259
city spirits sink after diageo comes up short with sales slide,-0.521
diageo receives reports from united spirits on financial irregularities involving ...,-0.255
rolls-royce wins $9.2 billion order from emirates airline,0.777
tesco sales rise shows tentative recovery continues,0.256
diageo sales disappoint as currency and comparatives leave bitter taste,-0.545
astrazeneca profit down as sales of stalwarts fade,-0.405
"whitbread profit up as sales continue to rise, looking for new ceo",0.385
glencore blames rivals for creating metals glut,-0.331
doubts grow over glaxosmithkline's $6 bln capital return plan,-0.221
easyjet leads britain's ftse lower as global bond rout resumes,-0.495
imperial tobacco adds quarterly dividends after profit rose,0.336
bg group still happy with shell's $70 billion offer,0.235
sabmiller buys meantime to quench thirst for craft beer,0.296
aviva shuts friends life head office in rapid integration move,-0.09
retailers kingfisher and sports direct rise in britain's share index,0.459
"glaxosmithkline targets growth across units, scraps viiv ipo",0.229
tesco share price closes higher as two more directors leave grocer,0.354
tesco leads ftse higher on clubcard bid reports,0.453
eli lilly & co. (lly) has broken out to a new high on astrazeneca collaboration,0.516
"rpt-old mutual q1 gross sales beat forecasts, up 18 pct",0.724
"update 3-bp settles oil spill-related claims with halliburton, transocean",-0.121
glaxosmithkline share price slips as fda okays asthma therapy only for adults,-0.408
glencore chief blames rivals' overproduction for share price fall,-0.301
"philip morris, bat sue over law taking branding off packs",-0.152
hargreaves lansdown share price falls as costs mount - although pensions ...,-0.514
"press: serco set to appoint roy gardner, ex-centrica, as chairman - ft",0.195
update 1-cypress semiconductor offers to buy integrated silicon solution,0.461
"update 1-nomura, rbs must pay $806 mln in mortgage bond case-us judge",-0.69
millercoors board names gavin hattersley interim ceo,0
"britain's ftse gains, land securities up after dividend hike",0.549
"britain's ftse bounces back, mondi and barratt lead",0.558
old mutual first-quarter sales up 18% buoyed by emerging markets,0.689
do it for me' trend underpins uk sales growth at kingfisher,0.304
"aldi and lidl expansion plans speed ahead as tesco, sainsbury's, morrisons ...",0.372
"centrica extends gas deals with gazprom, statoil",0.199
"aberdeen am posts h1 outflows, says conditions to remain challenging",-0.364
severn trent share price jumps as canadian investor renews pursuit of utility,0.433
new morrisons duo get former boss's support to diffuse investor tension,0.143
s&p downgrades barclays and rbs on government bailout fears,-0.53
irish housebuilder cairn homes plans london listing,0.189
arm slammed by handset sales outlook,-0.41
companieslse adds ex-sec head schapiro to board,0.076
sales boost for new morrisons chief david potts as tesco turnaround stalls,-0.41
ftse 100 flat; standard chartered leads risers,0.589
companieshoward davies appointment as rbs director delayed,-0.025
keith skeoch to step up as david nish quits as chief executive of standard life,-0.09
dixons carphone profit boost on strong sales,0.478
"ftse rallies off three-month low, boosted by stanchart, sainsbury",0.334
"royal mail, johnson matthey lead ftse lower",-0.438
sainsbury sales slip again as price pressures take a toll,-0.303
sophos aims to raise $100m in london ipo,0.214
update 3-stifel to buy former lehman brokerage from barclays,0.164
borealis infrastructure putting together new severn trent bid,0.214
"ftse falls to 3-month low on greek debt concerns, easyjet skids",-0.414
johnson matthey share price slumps as company posts full-year results,-0.626
update: barclays expects gain after settling with lehman bros trustee,0.199
petrofac books further Ã¢Â£30m cost for shetland gas terminal delays,-0.343
petrofac share price rises despite Ã¢Â£30m costs on north sea project,0.09
whitbread boss andy harrison defends sales fall as 'just a blip',-0.1
barclays share price subdued as bank faces fresh forex probe,-0.373
companiesactelion shares hit record on shire takeover talk,0.721
lse gets hong kong regulatory nod to hk firms to become lse members,0.247
diageo shares surge on report of possible takeover by lemann,0.415
rbs chairman admits surprise at size of regulatory penalties,-0.333
rsa insurance hires towergate's egan as chief financial officer,0.002
johnson matthey raises prospect of investor payout,0.281
intercontinental hotels denies reports of starwood merger talks,-0.078
refile-hikma and barclays help britain's ftse to climb higher,0.452
fda approves astrazeneca's iressa as lung cancer treatment,0.42
astrazeneca suffers setback after drug fails to treat eye cancer,-0.392
british american tobacco first-half sales hurt by currency moves,-0.346
zurich insurance considering offer for uk rival rsa insurance,0.25
japan's nikkei lands financial times in $1.3 billion deal,0.262
"ingenious, hsbc, ubs and coutts sued by 'tax avoidance' clients",-0.248
update 1-astrazeneca sells rare cancer drug to sanofi for up to $300 mln,0.258
sainsbury sells unit to lloydspharmacy,0.234
bae systems's sales boosted by european typhoon and currencies,0.39
"royal mail 'breached competition law' over delivery service changes, ofcom claims",-0.315
"britain's ftse steadies, supported by dixons carphone",0.329
glaxo's viiv healthcare signs china manufacturing deal with desano,0.284
astrazeneca sells caprelsa rights to sanofi unit,0.233
update 5-barclays chairman mcfarlane axes ceo to speed up strategic change,-0.229
miners meltdown as bhp to rio tinto sink in commodities rout,-0.665
"ftse led lower by m&s, glaxosmithkline",-0.448
gkn to buy fokker technologies for 706 mln euros,0.276
diageo sells ryder cup venue gleneagles hotel to ennismore group,0.198
"update: cib, legal & general sell egyptian life joint venture to axa",0.148
chime communications set to be acquired by wpp and providence,0.202
"companiesnew aggreko ceo to reshape business, strip costs",0.177
astrazeneca to pay inovio up to $700 million for cancer drug,0.33
rio tinto ceo says iron ore market at equilibrium,0
us sanctions put gazprom-shell alliance plans in jeopardy,-0.314
standard chartered not raising capital yet as dividend cut,-0.158
"update 1-bhp billiton's credit ratings fragile in fy16, agencies warn",-0.338
crh adds cr laurence to acquisitions tally for $1.3bn,0.231
novartis buys remaining rights to gsk treatment in deal up to $1 billion,0.217
"astrazeneca bags another cancer drug deal, this time with inovio",0.316
refile-aviva investors to move 34 bln euros in assets from axa fund arm,-0.398
"l&g still paying price for dividend cut during crisis, chief says",-0.338
buffett's company reports 37 percent drop in 2q earnings,-0.566
travis perkins hikes dividend 20% as profit and revenue rise,0.769
"tesco, asda sales fall as march of the discounters continues: kantar",-0.398
shire proposes $30 bln all-share tie-up with baxalta,0.22
shire ceo steps up drive to get baxalta board talking,0.124
"tesco, asda sales fall as march of the discounters continues-kantar",-0.356
verizon and at&t accused of hurting rivals,-0.446
"ftse 100 falls as china devaluation hits burberry, mining stocks",-0.479
"nine banks including barclays, citi, agree to pay $2 billion to settle forex ...",-0.647
companiescar insurer hastings group driving Ã¢Â£180m ipo,0.302
glencore slumps 25 pct as debt fears grow,-0.718
horizonte acquires neighbouring glencore nickel property in brazil,0.182
update 1-engineering firm smiths group confirms ceo appointment,0.078
industry newsmorrisons unveils which stores will close as 900 jobs face the axe,-0.731
glencore slumps 30 percent as debt fears grow,-0.781
aberdeen asset management gains foothold in china,0.357
arm holdings plc partners with international business machines corp. to drive ...,0.273
"ftse 100 drops 2.5 pct on glencore, metals price fears",-0.597
"after barclays and bank of america, citigroup has blockchain in sight",0.198
ab inbev approaches sabmiller to explore $250bn tie-up,0.237
eu regulator backs approval for gsk injectable asthma drug,0.379
glencore fight back over debt fears lifts shares,0.278
"news feedftse 100 movers: ashtead jumps on strong interims; glencore, bp in ...",0.461
brewer ab inbev seeks $275 bln tie-up with sabmiller,0.295
ab inbev looks to win over sabmiller investors,0.276
update 1-eu regulator backs approval for gsk injectable asthma drug,0.418
copper market may get a 2003-style supply shock from glencore closures,-0.571
talktalk hires bae systems to investigate cyber attack,-0.113
renewed ab inbev bid for sabmiller ups stake in beer battle,0.236
companiesab inbev signals it won't go hostile for sabmiller,0.107
astrazeneca diabetes drug combination faces delay after fda rebuff,-0.391
mylan appoints ranjan ray chaudhuri as global commercial lead for mylan's over ...,0
sabmiller revenue hit by weaker em currencies,-0.439
update 5-sabmiller rejects ab inbev's $104 bln takeover approach,0.172
market report: eight-day rally ends for ftse 100 and standard chartered,0.008
ab inbev offers sabmiller $3 billion breakup fee,0.197
gsk joins china trade push as uk trumpets healthcare deals,0.294
ab inbev ups offer for sabmiller as deadline looms,0.257
tesco plc's recovery continues with a Ã¢Â£250m cash infusion,0.337
"metals-zinc surges 12 pct after glencore cuts output, fuelling metals rally",0.162
companiesunilever sales lifted by ice cream in soft economy,0.383
ab inbev's latest bid said unlikely to win sabmiller's approval,0.127
britain's ftse forges ahead as shire surges,0.512
ab inbev attacks sabmiller bid rebuffal,-0.158
anheuser-busch inbev increases offer for rival sabmiller,0.24
why i'd buy arm holdings plc and bhp billiton plc today,0.424
barclays plc & lloyds banking group plc are the 2 banks i'd buy today,0.434
easyjet dismisses lufthansa low-cost plan in contest for germany,-0.227
"exclusive-bp, china's cnpc to unveil oil alliance - sources",0.318
sab's chairman digs in with board divided on inbev offer,0.016
kinder morgan and bp form joint venture limited liability company to purchase ...,0.225
supreme court upholds $236 million jury award against exxonmobil,-0.459
standard chartered's shares plunge 7% after fitch downgrade,-0.812
wpp wins race for 'programmatic buying' agency essence digital,0.238
bhp billiton share price: brazil to sue samarco for Ã¢Â£3.5bn,-0.637
g4s slides on balance sheet worries,-0.593
fda approves astrazeneca drug for advanced lung cancer,0.507
hsbc appoints business leaders to board,0.154
"hsbc shakes up board with two new business chiefs, three departures",-0.074
astrazeneca wins fda approval for key new lung cancer pill,0.549
update 1-lloyds to cut 945 jobs as part of 3-year restructuring plan,-0.266
standard chartered shifts emerging-markets strategy after losses,-0.461
astrazeneca's lung cancer drug tagrisso gets fda approval,0.393
severn trent share price rises as first half profit inches up as customer ...,0.526
glencore sees tripoli-based noc as sole legal seller of libyan oil,0.037
lloyds to cut 945 jobs as part of three-year restructuring strategy,-0.532
astrazeneca to buy zs pharma for $2.7 billion,0.593
"ackman, in email, says supports valeant ceo pearson",0.166
astrazeneca sells us drug rights to perrigo for $380 mln,0.326
"update 1-astrazeneca buys zs pharma for $2.7 billion, pips actelion",0.468
corrected-shire to buy dyax for about $5.9 bln,0.402
barclays poised to replace sir mike rake as he heads for exit,0.077
astrazeneca acquires zs pharma in $2.7 billion deal,0.52
astrazeneca shares climb 3% as drug maker ups profits forecasts,0.64
peroni and grolsch put up for sale as ab inbev plans acquisition of sabmiller,0.551
easyjet expects resilient demand to withstand security fears,0.165
compass group says positive for year ahead,0.634
us dollar wipes out sales gains for sabmiller,-0.582
"update 1-sabmiller 2nd-quarter underlying sales rise, forex impacts margins",0.043
update 2-pricey beers lift sabmiller's quarterly underlying sales,0.429
valeant ceo pledges to heed critics after `painful' experience,-0.381
"are aviva plc, direct line insurance group plc and admiral group plc set to soar?",0.324
stanchart and rbs struggle in bank of england stress tests,-0.738
barclays sells benchmark indices unit to bloomberg,0.281
"sainsbury's, asda, tesco and morrisons will all cut petrol prices as oil falls ...",-0.251
"eu drops shell, bp, statoil from ethanol benchmark investigation",0.276
astrazeneca explores potential deal with acerta for cancer drug,0.372
shell and bg shareholders to vote on deal at end of january,0
astrazeneca chases acerta to secure next cancer drug winner,0.519
companiestesco off to a bad start over xmas Ã¢â‚¬â€œ kantar,-0.604
"dbs, julius baer emerge as potential bidders for barclays asia wealth unit ...",0.31
why astrazeneca plc & dixons carphone plc are red-hot growth stars!,0.766
bbcn bancorp to buy wilshire bancorp in $1 bln deal,0.818
itv share price jumps on report of comcast's nbcuniversal bidding to takeover ...,0.623
glencore studies possible ipo for agricultural trading business,0.408
can christmas save sainsbury's plc and tesco plc?,-0.175
update 1-astrazeneca boosts respiratory unit with $575 mln takeda deal,0.47
bilfinger industrial services win Ã¢Â£100m bp contract extension,0.113
"standard chartered, rbs escape capital raising in stress test",0.335
astrazeneca weighing up acerta bid to secure blood cancer drug,0.284
2 turnaround buys for 2016? bhp billiton plc and home retail group plc,0.492
l&g completes uk's largest medically underwritten bulk pension risk deal,0.25
drugmaker shire to buy baxalta for $32 billion after 6-month pursuit,0.437
kingfisher share price slides on cost to implement new strategy,-0.786
shire says internal synergy goals from baxalta deal higher,0.287
"european shares plunge, roiled by bhp and oil; hopes turn to ecb",-0.736
morrisons and debenhams surprise city with christmas bounce back,0.573
"britain's ftse falls back with ashtead, commodities under pressure",-0.59
tesco shares jump 6% after christmas sales beat expectations,0.814
"ceos of bpm, ubi meet italy econ minister as m&a talk heats up",0.133
companieshome retail trims gains but is considered 'in play',0.135
philippines' san miguel says to partner with kirin if it bids for sabmiller's ...,0.577
investors remain skeptical about shell-bg deal,-0.266
marketsshire up 2.5% and baxalta up 6% on $32bn deal,0.487
shire share price under pressure after $32bn baxalta deal,-0.198
valeant names interim leader as ceo remains hospitalized,0
valeant said to name new ceo with pearson still hospitalized,0.015
shares in bae systems hit 10-month high on rating upgrade,0.905
japan's asahi to submit bid next week for sabmiller's grolsch and peroni - yomiuri,0.236
companiesdixons carphone to close 134 uk stores as sales jump,0.144
"broker tips: rbs, croda, sage",0.381
shell share price: standard life announce position against bg acquisition,-0.134
tesco share price down as grocer faces sfo investigation outcome,-0.542
"britain's ftse outperforms europe, royal mail and tesco rise",0.439
greene king's third quarter sales boosted by festive season,0.363
intercontinental hotels group share price climbs on $1.5bn special dividend,0.631
amazon to attack uk grocery market with morrisons deal,0.333
astrazeneca share price: acerta deal pays off with orphan drug status,0.495
"bhp billiton posts big loss, slashes dividend",-0.938
merged lse and deutsche bÃ£Â¶rse would be led by germany's kengeter,0.136
"should you buy jumbo yielders british american tobacco plc, centrica plc & john wood group plc?",0.1
is trouble brewing at legal & general group plc and aviva plc?,-0.271
bhp billiton drags ftse lower after slashing dividend,-0.604
"bhp billiton slashes dividend, posts $5.67 billion net loss",-0.341
companiesmeggitt profits hit by weak energy and military markets,-0.302
royal mail share price edges lower as group raises stamp price,-0.269
glaxosmithkline starts hunt for successor to ceo witty,0
"rio tinto swings to loss, drops dividend policy",-0.511
france raises concerns over proposed lse-deutsche boerse deal,-0.347
marketsbp promotes upstream boss to deputy ceo,0.066
legal & general share price: finance chief to step down,-0.166
barclays poaches new chief operating officer paul compton from jp morgan chase,-0.092
arm profits and sales up as shift away from mobile gains pace,0.497
barclays appoints jpmorgan's paul compton as new coo,0.036
"fastjet slams easyjet founder stelios for going public, is 'taking legal advice' over letter about contractual ...",-0.238
nyse owner ice considers offer for lse,0.396
news feedftse 100 movers: lse surges as ice says mulling offer; ashtead and barclays tank,0.226
balfour beatty plc set to reinstate dividend (and rival national grid plc and centrica plc once more?),0.413
intertek swings to Ã¢Â£347 mln loss on oil's slump,-0.734
sanofi poaches astrazeneca scientist as new research head,0.066
tesco breaks its downward slide by cutting sales decline in half,0.172
"news feedschroders books solid earnings growth, several board changes",0.5
intertek group announces strategic update outlining its plan,0.046
london stock exchange seals Ã¢Â£22 billion merger with germany's deutsche bÃ£Â¶rse,0.327
nyse owner ice may gatecrash deutsche boerse-lse merger,-0.2
ab inbev to sell sabmiller stake in china's snow beer,-0.045
lse-deutsche boerse merger would signal end to exchange mega-deals,0.105
rbs pays $1.7 billion to scrap u.k. treasury's dividend rights,0.066
industry newswolseley confident in reslilience amid mixed markets,0.287
tesco criticised for 'disgraceful' advert showing domestic worker being slapped,-0.498
ftse edges up as investors cheer kingfisher results,0.678
barclays bonds rise as lender cuts dividends to shore up capital,0.261
britain's ftse gets lift from prudential results,0.582
amazon's grocery deal with morrisons is only the beginning,0.389
ice said to start lining up financing for lse bidding war,0.328
"bp, statoil, to withdraw staff from algeria following rocket attack",-0.242
merkel's government said to support deutsche boerse-lse merger,0.358
aviva weighs cash handout after beating profit forecast,0.377
"wpp, world's largest ad agency, reports strong 2015 growth",0.555
"saudi aramco, shell plan to break up motiva, divide up assets",-0.142
ab inbev to sell more sab assets as seeks eu deal approval,-0.079
tesco's sales pickup isn't enough,-0.23
spain's caixabank expects to close deal for banco bpi,0.375
itv share price: group mulls takeover of canada's entertainment one,0.422
entertainment one dispels itv takeover rumours,0.138
ge to sell majority stake in bank bph's core bank to alior bank,0.213
tata steel working with stanchart for uk unit sale - source,0.218
crown castle buys tower development corp for $461 million,0.366
tesco sells half of stake in ecommerce site lazada to alibaba for Ã¢Â£90m,-0.038
"caixabank, dos santos agree on plan for bpi angola exposure",0.244
"bpi says caixabank, isabel dos santos reach agreement over angola exposure",0.243
spain's caixabank launches new takeover bid for banco bpi,0.185
"despite sales growth, uk's tesco cautions recovery to be bumpy",-0.077
itv to pursue takeover of canada's entertainment one: bloomberg,0.199
shire sees baxalta deal closing as expected after new rules,0.224
"ocbc to buy barclay's wealth management unit in singapore, hong kong",0.257
tesco share price steady as analysts weigh in on results,0.052
lloyds banking group's share price lifts amid reports bank is poised to axe hundreds of uk jobs,0.292
should you follow berkshire hathaway into apple stock?,0
morrisons book second consecutive quarter of sales growth,0.43
royal mail gets mixed bag from ofcom postal regulation report,-0.084
update 3-ex-barclays director accused by us of illegal tips to plumber,-0.34
"eu regulators clear $100 billion-plus ab inbev, sabmiller deal",0.392
retail giant kingfisher reports 'solid' start to the year,0.368
"berkshire discloses unit's ties to iran, opens probe",-0.288
berkshire hathaway names kara raiguel to lead general re unit,0.077
"european stocks hover near 3-week low, dialog and bhp slump",-0.584
hargreaves lansdown bucks weak markets to see assets rise 2.6 percent,0.571
australia clears ab inbev's $100 billion sabmiller buyout plan,0.437
goodwin not to face scottish prosecution over rbs,0.114
royal mail turnaround proving expensive in tough uk market,-0.057
whitbread buys 49% stake in pure food chain,0.365
"irish said chasing standard chartered, rbs as brexit vote nears",0.128
royal mail share price rallies amid positive broker comments,0.59
intercontinental hotels first-quarter global room revenue lags estimates,-0.329
aspen to buy anaesthetics from astrazeneca for $520 million,0.395
london stock exchange Ã¢â‚¬â€œ deutsche boerse merger under threat from brexit,-0.421
sainsbury cfo rogers to replace home retail ceo walden,0
bp joins forces with det norske in norway,0.248
brief-legal & general's retirement business books 4 billion stg h1 sales,0.252
johnson matthey revs up on clean air drive,0.224
"goldman sachs, barclays, hsbc downplay brexit threat",0
asahi could be about to snap up more of sabmiller's beers ahead of ab inbev sale,0.207
lse-deutsche bÃ£Â¶rse dealmakers wrong to ignore brexit risk,-0.473
tesco sales recover as focus returns to core business,0.35
johnson matthey profit falls but dividend rises,0
"are arm holdings plc, domino's pizza group plc and asos plc 3 must-have growth stocks?",0
priceline's stock jumps to new high for the year after barclays upgrade,0.847
"tesco set to sell kipa, giraffe businesses - sky news",-0.192
the coca-cola company and coca-cola femsa to acquire ades soy-based beverage business from unilever,0.259
hsbc says unit to book $585 million charge on settlement,-0.434
"hammerson, jv partner secure ownership of ireland's dundrum - quick facts",0.427
aviva promises higher dividends to boost flagging share price,0.281
companiesfresnillo shares jump 8% as silver price breaks $21,0.874
"should you buy associated british foods plc, great portland estates plc and dunelm group plc following today's news?",0.14
berkshire seeks to boost its wells fargo stake above 10 percent,0.429
tesco share price tumbles after negative broker note,-0.779
london stock exchange shareholders approve merger with deutsche bÃ£Â¶rse,0.406
update 1-berkshire applies to boost wells fargo stake above 10 pct,0.432
berkshire applies to boost wells fargo stake above 10 percent,0.484
"aviva, m&g suspend property funds as investors panic",-0.807
"uk housing market steadies after brexit dip, persimmon says",0.339
brief-aviva aims to increase dividend pay-out ratio to 50 pct in 2017,0.439
builder persimmon hails 6% rise in house sales,0.435
easyjet attracts more passengers in june but still lags ryanair,0.259
